web-scraper-order,web-scraper-start-url,category_link,category_link-href,subcategory_link,subcategory_link-href,product_link,product_link-href,name,entero,decimal
"1572320329-214","https://www.plazavea.com.pe/frutas-y-verduras","Verduras","https://www.plazavea.com.pe/frutas-y-verduras/verduras?PS=24","Brócoli, Coliflor y Alcachofa (5)","https://www.plazavea.com.pe/frutas-y-verduras/verduras/brocoli-coliflor-y-alcachofa?PS=24","Alcachofa x unidad","https://www.plazavea.com.pe/alcachofa-x-unidad/p","Alcachofa x unidad","1",".99"
"1572320668-274","https://www.plazavea.com.pe/frutas-y-verduras","Frutas","https://www.plazavea.com.pe/frutas-y-verduras/frutas?PS=24","Manzanas, Peras y Membrillos (8)","https://www.plazavea.com.pe/frutas-y-verduras/frutas/manzanas-peras-y-membrillos?PS=24","Membrillo","https://www.plazavea.com.pe/membrillo/p","Membrillo","7",".99"
"1572319899-134","https://www.plazavea.com.pe/frutas-y-verduras","Verduras","https://www.plazavea.com.pe/frutas-y-verduras/verduras?PS=24","Verduras Picadas y Preparadas (23)","https://www.plazavea.com.pe/frutas-y-verduras/verduras/verduras-picadas-y-preparadas?PS=24","Verdura Picada para Menestrón LA FLORENCIA Bandeja 500g","https://www.plazavea.com.pe/verdura-picada-para-menestron-la-florencia-bandeja-500g/p","Verdura Picada para Menestrón LA FLORENCIA Bandeja 500g","8",".90"
"1572320555-256","https://www.plazavea.com.pe/frutas-y-verduras","Frutas","https://www.plazavea.com.pe/frutas-y-verduras/frutas?PS=24","Maracuyá, Granadilla y Tumbo (3)","https://www.plazavea.com.pe/frutas-y-verduras/frutas/maracuya-granadilla-y-tumbo?PS=24","Granadilla ECOFRUT Premium Bandeja 5un","https://www.plazavea.com.pe/granadilla-ecofrut-premium-bandeja-5un/p","Granadilla ECOFRUT Premium Bandeja 5un","6",".49"
"1572320083-168","https://www.plazavea.com.pe/frutas-y-verduras","Verduras","https://www.plazavea.com.pe/frutas-y-verduras/verduras?PS=24","Papa, Camote, Yuca y Otros Tubérculos (10)","https://www.plazavea.com.pe/frutas-y-verduras/verduras/papa-camote-yuca-y-otros-tuberculos?PS=24","Papa Amarilla Tumbay","https://www.plazavea.com.pe/papa-amarilla-tumbay-x-kg/p","Papa Amarilla Tumbay","5",".70"
"1572319930-142","https://www.plazavea.com.pe/frutas-y-verduras","Verduras","https://www.plazavea.com.pe/frutas-y-verduras/verduras?PS=24","Verduras Picadas y Preparadas (23)","https://www.plazavea.com.pe/frutas-y-verduras/verduras/verduras-picadas-y-preparadas?PS=24","Verduras para Sopa Mixta LA FLORENCIA Bandeja 500g","https://www.plazavea.com.pe/verduras-para-sopa-mixta-la-florencia-bandeja-500g/p","Verduras para Sopa Mixta LA FLORENCIA Bandeja 500g","9",".50"
"1572320438-230","https://www.plazavea.com.pe/frutas-y-verduras","Verduras","https://www.plazavea.com.pe/frutas-y-verduras/verduras?PS=24","Zapallo, Berenjena y Caigua (6)","https://www.plazavea.com.pe/frutas-y-verduras/verduras/zapallo-berenjena-y-caigua?PS=24","Berenjena","https://www.plazavea.com.pe/berenjena-x-kilo/p","Berenjena","2",".89"
"1572320310-210","https://www.plazavea.com.pe/frutas-y-verduras","Verduras","https://www.plazavea.com.pe/frutas-y-verduras/verduras?PS=24","Apio, Espárrago y Otros Tallos (5)","https://www.plazavea.com.pe/frutas-y-verduras/verduras/apio-esparrago-y-otros-tallos?PS=24","Frijol Chino","https://www.plazavea.com.pe/frijol-chino-x-kilo/p","Frijol Chino","3",".30"
"1572320677-276","https://www.plazavea.com.pe/frutas-y-verduras","Frutas","https://www.plazavea.com.pe/frutas-y-verduras/frutas?PS=24","Manzanas, Peras y Membrillos (8)","https://www.plazavea.com.pe/frutas-y-verduras/frutas/manzanas-peras-y-membrillos?PS=24","Pera Packhams Importada","https://www.plazavea.com.pe/pera-packhams-importada/p","Pera Packhams Importada","6",".49"
"1572319875-128","https://www.plazavea.com.pe/frutas-y-verduras","Verduras","https://www.plazavea.com.pe/frutas-y-verduras/verduras?PS=24","Verduras Picadas y Preparadas (23)","https://www.plazavea.com.pe/frutas-y-verduras/verduras/verduras-picadas-y-preparadas?PS=24","Ensalada Oriental VITTAFRESH Táper 270g","https://www.plazavea.com.pe/ensalada-oriental-vittafresh-taper-270g/p","Ensalada Oriental VITTAFRESH Táper 270g","8",".99"
"1572320063-163","https://www.plazavea.com.pe/frutas-y-verduras","Verduras","https://www.plazavea.com.pe/frutas-y-verduras/verduras?PS=24","Papa, Camote, Yuca y Otros Tubérculos (10)","https://www.plazavea.com.pe/frutas-y-verduras/verduras/papa-camote-yuca-y-otros-tuberculos?PS=24","Papa Blanca Yungay","https://www.plazavea.com.pe/papa-blanca-yungay/p","Papa Blanca Yungay","4",".99"
"1572320418-226","https://www.plazavea.com.pe/frutas-y-verduras","Verduras","https://www.plazavea.com.pe/frutas-y-verduras/verduras?PS=24","Cebolla, Limón, Ajo y Ají (12)","https://www.plazavea.com.pe/frutas-y-verduras/verduras/cebolla-limon-ajo-y-aji?PS=24","Limón Ácido","https://www.plazavea.com.pe/limon-acido/p","Limón Ácido","2",".59"
"1572320301-208","https://www.plazavea.com.pe/frutas-y-verduras","Verduras","https://www.plazavea.com.pe/frutas-y-verduras/verduras?PS=24","Apio, Espárrago y Otros Tallos (5)","https://www.plazavea.com.pe/frutas-y-verduras/verduras/apio-esparrago-y-otros-tallos?PS=24","Apio x unidad","https://www.plazavea.com.pe/apio-x-unidad/p","Apio x unidad","2",".50"
"1572320133-179","https://www.plazavea.com.pe/frutas-y-verduras","Verduras","https://www.plazavea.com.pe/frutas-y-verduras/verduras?PS=24","Tomate, Pepino, Pimiento y Rocoto (7)","https://www.plazavea.com.pe/frutas-y-verduras/verduras/tomate-pepino-pimiento-y-rocoto?PS=24","Tomate Italiano","https://www.plazavea.com.pe/tomate-italiano/p","Tomate Italiano","3",".89"
"1572320693-280","https://www.plazavea.com.pe/frutas-y-verduras","Frutas","https://www.plazavea.com.pe/frutas-y-verduras/frutas?PS=24","Manzanas, Peras y Membrillos (8)","https://www.plazavea.com.pe/frutas-y-verduras/frutas/manzanas-peras-y-membrillos?PS=24","Manzana Roja Importada","https://www.plazavea.com.pe/manzana-roja-importada/p","Manzana Roja Importada","5",".99"
"1572320574-260","https://www.plazavea.com.pe/frutas-y-verduras","Frutas","https://www.plazavea.com.pe/frutas-y-verduras/frutas?PS=24","Fresas, Arándanos, Aguaymanto y Frutas Berries (7)","https://www.plazavea.com.pe/frutas-y-verduras/frutas/fresas-arandanos-aguaymanto-y-frutas-berries?PS=24","Aguaymanto Pelado LA FLORENCIA Bandeja 200g","https://www.plazavea.com.pe/aguaymanto-pelado-la-florencia-bandeja-200g/p","Aguaymanto Pelado LA FLORENCIA Bandeja 200g","3",".99"
"1572320047-160","https://www.plazavea.com.pe/frutas-y-verduras","Verduras","https://www.plazavea.com.pe/frutas-y-verduras/verduras?PS=24","Zanahoria, Beterraga, Rabanito y Otras Raíces (5)","https://www.plazavea.com.pe/frutas-y-verduras/verduras/zanahoria-beterraga-rabanito-y-otras-raices?PS=24","Nabo x unidad","https://www.plazavea.com.pe/nabo-x-unidad/p","Nabo x unidad","0",".99"
"1572320096-171","https://www.plazavea.com.pe/frutas-y-verduras","Verduras","https://www.plazavea.com.pe/frutas-y-verduras/verduras?PS=24","Papa, Camote, Yuca y Otros Tubérculos (10)","https://www.plazavea.com.pe/frutas-y-verduras/verduras/papa-camote-yuca-y-otros-tuberculos?PS=24","Papa Amarilla","https://www.plazavea.com.pe/papa-amarilla-procesada/p","Papa Amarilla","4",".29"
"1572320209-194","https://www.plazavea.com.pe/frutas-y-verduras","Verduras","https://www.plazavea.com.pe/frutas-y-verduras/verduras?PS=24","Lechuga, Espinaca y Hojas Verdes (19)","https://www.plazavea.com.pe/frutas-y-verduras/verduras/lechuga-espinaca-y-hojas-verdes?PS=24","Arúgula VERDE PURO Paquete 160g","https://www.plazavea.com.pe/arugula-verde-puro-200gr/p","Arúgula VERDE PURO Paquete 160g","5",".89"
"1572319853-123","https://www.plazavea.com.pe/frutas-y-verduras","Verduras","https://www.plazavea.com.pe/frutas-y-verduras/verduras?PS=24","Verduras Picadas y Preparadas (23)","https://www.plazavea.com.pe/frutas-y-verduras/verduras/verduras-picadas-y-preparadas?PS=24","Ensalada Cesar's VITTA FRESH Paquete 250g","https://www.plazavea.com.pe/ensalada-cesars-vitta-fresh-paquete-250g/p","Ensalada Cesar's VITTA FRESH Paquete 250g","7",".90"
"1572320272-202","https://www.plazavea.com.pe/frutas-y-verduras","Verduras","https://www.plazavea.com.pe/frutas-y-verduras/verduras?PS=24","Lechuga, Espinaca y Hojas Verdes (19)","https://www.plazavea.com.pe/frutas-y-verduras/verduras/lechuga-espinaca-y-hojas-verdes?PS=24","Lechuga Americana DELISALAD Bolsa Unidad","https://www.plazavea.com.pe/lechuga-americana-delisalad-bolsa-unidad-/p","Lechuga Americana DELISALAD Bolsa Unidad","3",".40"
"1572320622-264","https://www.plazavea.com.pe/frutas-y-verduras","Frutas","https://www.plazavea.com.pe/frutas-y-verduras/frutas?PS=24","Frutas Picadas y Preparadas (10)","https://www.plazavea.com.pe/frutas-y-verduras/frutas/frutas-picadas-y-preparadas?PS=24","Ensalada de Frutas SOLEI Bandeja 300g","https://www.plazavea.com.pe/ensalada-de-frutas-solei-bandeja-300g/p","Ensalada de Frutas SOLEI Bandeja 300g","6",".45"
"1572320285-205","https://www.plazavea.com.pe/frutas-y-verduras","Verduras","https://www.plazavea.com.pe/frutas-y-verduras/verduras?PS=24","Lechuga, Espinaca y Hojas Verdes (19)","https://www.plazavea.com.pe/frutas-y-verduras/verduras/lechuga-espinaca-y-hojas-verdes?PS=24","Arúgula Hidropónica MANANTIALES Bolsa 150g","https://www.plazavea.com.pe/arugula-hidroponica-manantiales-bolsa-150g/p","Arúgula Hidropónica MANANTIALES Bolsa 150g","4",".69"
"1572320747-292","https://www.plazavea.com.pe/frutas-y-verduras","Frutas","https://www.plazavea.com.pe/frutas-y-verduras/frutas?PS=24","Naranjas y Mandarinas y Frutas Cítricas (5)","https://www.plazavea.com.pe/frutas-y-verduras/frutas/naranjas-y-mandarinas-y-frutas-citricas?PS=24","Naranja Tangelo Selva","https://www.plazavea.com.pe/tangelo-selva-x-kilo/p","Naranja Tangelo Selva","7",".69"
"1572320511-246","https://www.plazavea.com.pe/frutas-y-verduras","Frutas","https://www.plazavea.com.pe/frutas-y-verduras/frutas?PS=24","Papaya, Mango y Piña (6)","https://www.plazavea.com.pe/frutas-y-verduras/frutas/papaya-mango-y-pina?PS=24","Piña en Trozos GOLDEN Bandeja 400g","https://www.plazavea.com.pe/pina-en-trozos-golden-bandeja-400g/p","Piña en Trozos GOLDEN Bandeja 400g","8",".99"
"1572320705-282","https://www.plazavea.com.pe/frutas-y-verduras","Frutas","https://www.plazavea.com.pe/frutas-y-verduras/frutas?PS=24","Chirimoya, Lúcuma, Carambola y Frutas Exóticas (10)","https://www.plazavea.com.pe/frutas-y-verduras/frutas/chirimoya-lucuma-carambola-y-frutas-exoticas?PS=24","Coco Unidad","https://www.plazavea.com.pe/coco-unidad/p","Coco Unidad","4",".99"
"1572320753-293","https://www.plazavea.com.pe/frutas-y-verduras","Frutas","https://www.plazavea.com.pe/frutas-y-verduras/frutas?PS=24","Naranjas y Mandarinas y Frutas Cítricas (5)","https://www.plazavea.com.pe/frutas-y-verduras/frutas/naranjas-y-mandarinas-y-frutas-citricas?PS=24","Naranja para Jugo","https://www.plazavea.com.pe/naranja-para-jugo/p","Naranja para Jugo","1",".29"
"1572320398-222","https://www.plazavea.com.pe/frutas-y-verduras","Verduras","https://www.plazavea.com.pe/frutas-y-verduras/verduras?PS=24","Cebolla, Limón, Ajo y Ají (12)","https://www.plazavea.com.pe/frutas-y-verduras/verduras/cebolla-limon-ajo-y-aji?PS=24","Ajo Entero Pelado LA FLORENCIA Bandeja 250g","https://www.plazavea.com.pe/ajos-entero-pelado-la-florencia-bandeja-250g/p","Ajo Entero Pelado LA FLORENCIA Bandeja 250g","9",".99"
"1572320619-263","https://www.plazavea.com.pe/frutas-y-verduras","Frutas","https://www.plazavea.com.pe/frutas-y-verduras/frutas?PS=24","Frutas Picadas y Preparadas (10)","https://www.plazavea.com.pe/frutas-y-verduras/frutas/frutas-picadas-y-preparadas?PS=24","Pack Loncherita SOLEI","https://www.plazavea.com.pe/pack-loncherita-solei/p","Pack Loncherita SOLEI","1",".89"
"1572320626-265","https://www.plazavea.com.pe/frutas-y-verduras","Frutas","https://www.plazavea.com.pe/frutas-y-verduras/frutas?PS=24","Frutas Picadas y Preparadas (10)","https://www.plazavea.com.pe/frutas-y-verduras/frutas/frutas-picadas-y-preparadas?PS=24","Piña Golden en Trozos SOLEI Bandeja 150g","https://www.plazavea.com.pe/pina-golden-en-trozos-solei-bandeja-150g/p","Piña Golden en Trozos SOLEI Bandeja 150g","4",".49"
"1572320024-155","https://www.plazavea.com.pe/frutas-y-verduras","Verduras","https://www.plazavea.com.pe/frutas-y-verduras/verduras?PS=24","Verduras Congeladas (8)","https://www.plazavea.com.pe/frutas-y-verduras/verduras/verduras-congeladas?PS=24","Papas Congeladas MC CAIN Corte Tradicional Bolsa 720g","https://www.plazavea.com.pe/papas-congeladas-mc-cain-corte-tradicional-bolsa-720g/p","Papas Congeladas MC CAIN Corte Tradicional Bolsa 720g","9",".99"
"1572320463-234","https://www.plazavea.com.pe/frutas-y-verduras","Frutas","https://www.plazavea.com.pe/frutas-y-verduras/frutas?PS=24","Plátanos y Uvas (8)","https://www.plazavea.com.pe/frutas-y-verduras/frutas/platanos-y-uvas?PS=24","Plátano Bizcocho LA FLORENCIA","https://www.plazavea.com.pe/platano-bizcocho-la-florencia/p","Plátano Bizcocho LA FLORENCIA","4",".69"
"1572320413-225","https://www.plazavea.com.pe/frutas-y-verduras","Verduras","https://www.plazavea.com.pe/frutas-y-verduras/verduras?PS=24","Cebolla, Limón, Ajo y Ají (12)","https://www.plazavea.com.pe/frutas-y-verduras/verduras/cebolla-limon-ajo-y-aji?PS=24","Cebolla China LA FLORENCIA Bolsa 320g","https://www.plazavea.com.pe/cebolla-china-la-florencia-bolsa-320g/p","Cebolla China LA FLORENCIA Bolsa 320g","2",".80"
"1572320730-289","https://www.plazavea.com.pe/frutas-y-verduras","Frutas","https://www.plazavea.com.pe/frutas-y-verduras/frutas?PS=24","Chirimoya, Lúcuma, Carambola y Frutas Exóticas (10)","https://www.plazavea.com.pe/frutas-y-verduras/frutas/chirimoya-lucuma-carambola-y-frutas-exoticas?PS=24","Coco en Trozos SOLEI Vaso 130g","https://www.plazavea.com.pe/coco-en-trozos-solei-vaso-130g/p","Coco en Trozos SOLEI Vaso 130g","5",".69"
"1572320481-239","https://www.plazavea.com.pe/frutas-y-verduras","Frutas","https://www.plazavea.com.pe/frutas-y-verduras/frutas?PS=24","Plátanos y Uvas (8)","https://www.plazavea.com.pe/frutas-y-verduras/frutas/platanos-y-uvas?PS=24","Plátano Bellaco","https://www.plazavea.com.pe/platano-bellaco/p","Plátano Bellaco","4",".99"
"1572320422-227","https://www.plazavea.com.pe/frutas-y-verduras","Verduras","https://www.plazavea.com.pe/frutas-y-verduras/verduras?PS=24","Cebolla, Limón, Ajo y Ají (12)","https://www.plazavea.com.pe/frutas-y-verduras/verduras/cebolla-limon-ajo-y-aji?PS=24","Cebolla Roja","https://www.plazavea.com.pe/cebolla-roja/p","Cebolla Roja","1",".49"
"1572320141-180","https://www.plazavea.com.pe/frutas-y-verduras","Verduras","https://www.plazavea.com.pe/frutas-y-verduras/verduras?PS=24","Choclo, Arvejas, Vainitas, Habas y Otras Legumbres (6)","https://www.plazavea.com.pe/frutas-y-verduras/verduras/choclo-arvejas-vainitas-habas-y-otras-legumbres?PS=24","Holantao","https://www.plazavea.com.pe/holantao/p","Holantao","6",".99"
"1572320726-288","https://www.plazavea.com.pe/frutas-y-verduras","Frutas","https://www.plazavea.com.pe/frutas-y-verduras/frutas?PS=24","Chirimoya, Lúcuma, Carambola y Frutas Exóticas (10)","https://www.plazavea.com.pe/frutas-y-verduras/frutas/chirimoya-lucuma-carambola-y-frutas-exoticas?PS=24","Lima Dulce","https://www.plazavea.com.pe/lima-dulce/p","Lima Dulce","0",".99"
"1572319883-130","https://www.plazavea.com.pe/frutas-y-verduras","Verduras","https://www.plazavea.com.pe/frutas-y-verduras/verduras?PS=24","Verduras Picadas y Preparadas (23)","https://www.plazavea.com.pe/frutas-y-verduras/verduras/verduras-picadas-y-preparadas?PS=24","Verdura Picada para Arroz con Pollo LA FLORENCIA Bandeja 200g","https://www.plazavea.com.pe/verdura-picada-para-arroz-con-pollo-la-florencia-bandeja-200g/p","Verdura Picada para Arroz con Pollo LA FLORENCIA Bandeja 200g","6",".99"
"1572320504-244","https://www.plazavea.com.pe/frutas-y-verduras","Frutas","https://www.plazavea.com.pe/frutas-y-verduras/frutas?PS=24","Papaya, Mango y Piña (6)","https://www.plazavea.com.pe/frutas-y-verduras/frutas/papaya-mango-y-pina?PS=24","Piña Hawai","https://www.plazavea.com.pe/pina-hawai/p","Piña Hawai","1",".49"
"1572320548-254","https://www.plazavea.com.pe/frutas-y-verduras","Frutas","https://www.plazavea.com.pe/frutas-y-verduras/frutas?PS=24","Maracuyá, Granadilla y Tumbo (3)","https://www.plazavea.com.pe/frutas-y-verduras/frutas/maracuya-granadilla-y-tumbo?PS=24","Granadilla Oxapampa x unidad","https://www.plazavea.com.pe/granadilla-oxapampa-x-unidad/p","Granadilla Oxapampa x unidad","0",".69"
"1572320528-250","https://www.plazavea.com.pe/frutas-y-verduras","Frutas","https://www.plazavea.com.pe/frutas-y-verduras/frutas?PS=24","Sandía, Melón y Tuna (3)","https://www.plazavea.com.pe/frutas-y-verduras/frutas/sandia-melon-y-tuna?PS=24","Melón en Trozos SOLEI Empaque 300g","https://www.plazavea.com.pe/melon-en-trozos-solei-empaque-300g/p","Melón en Trozos SOLEI Empaque 300g","5",".99"
"1572320470-236","https://www.plazavea.com.pe/frutas-y-verduras","Frutas","https://www.plazavea.com.pe/frutas-y-verduras/frutas?PS=24","Plátanos y Uvas (8)","https://www.plazavea.com.pe/frutas-y-verduras/frutas/platanos-y-uvas?PS=24","Plátano Isla LA FLORENCIA","https://www.plazavea.com.pe/platano-isla-la-florencia/p","Plátano Isla LA FLORENCIA","5",".49"
"1572320107-173","https://www.plazavea.com.pe/frutas-y-verduras","Verduras","https://www.plazavea.com.pe/frutas-y-verduras/verduras?PS=24","Tomate, Pepino, Pimiento y Rocoto (7)","https://www.plazavea.com.pe/frutas-y-verduras/verduras/tomate-pepino-pimiento-y-rocoto?PS=24","Pepinillo","https://www.plazavea.com.pe/pepinillo/p","Pepinillo","3",".69"
"1572320660-273","https://www.plazavea.com.pe/frutas-y-verduras","Frutas","https://www.plazavea.com.pe/frutas-y-verduras/frutas?PS=24","Frutas Congeladas (3)","https://www.plazavea.com.pe/frutas-y-verduras/frutas/frutas-congeladas?PS=24","Frambuesa Entera GREEN FOOD Bolsa 400g","https://www.plazavea.com.pe/frambuesa-entera-green-food-bolsa-400g/p","Frambuesa Entera GREEN FOOD Bolsa 400g","17",".19"
"1572320485-240","https://www.plazavea.com.pe/frutas-y-verduras","Frutas","https://www.plazavea.com.pe/frutas-y-verduras/frutas?PS=24","Plátanos y Uvas (8)","https://www.plazavea.com.pe/frutas-y-verduras/frutas/platanos-y-uvas?PS=24","Plátano Palillo","https://www.plazavea.com.pe/platano-palillo/p","Plátano Palillo","4",".99"
"1572320381-218","https://www.plazavea.com.pe/frutas-y-verduras","Verduras","https://www.plazavea.com.pe/frutas-y-verduras/verduras?PS=24","Cebolla, Limón, Ajo y Ají (12)","https://www.plazavea.com.pe/frutas-y-verduras/verduras/cebolla-limon-ajo-y-aji?PS=24","Ají Panca Seco LA FLORENCIA Bandeja 100g","https://www.plazavea.com.pe/aji-panca-seco-la-florencia-bandeja-100g/p","Ají Panca Seco LA FLORENCIA Bandeja 100g","8",".19"
"1572320496-242","https://www.plazavea.com.pe/frutas-y-verduras","Frutas","https://www.plazavea.com.pe/frutas-y-verduras/frutas?PS=24","Papaya, Mango y Piña (6)","https://www.plazavea.com.pe/frutas-y-verduras/frutas/papaya-mango-y-pina?PS=24","Mango Edward","https://www.plazavea.com.pe/mango-edward/p","Mango Edward","3",".49"
"1572320697-281","https://www.plazavea.com.pe/frutas-y-verduras","Frutas","https://www.plazavea.com.pe/frutas-y-verduras/frutas?PS=24","Manzanas, Peras y Membrillos (8)","https://www.plazavea.com.pe/frutas-y-verduras/frutas/manzanas-peras-y-membrillos?PS=24","Manzana Royal Gala Importada","https://www.plazavea.com.pe/manzana-royal-gala-importada/p","Manzana Royal Gala Importada","6",".99"
"1572320570-259","https://www.plazavea.com.pe/frutas-y-verduras","Frutas","https://www.plazavea.com.pe/frutas-y-verduras/frutas?PS=24","Fresas, Arándanos, Aguaymanto y Frutas Berries (7)","https://www.plazavea.com.pe/frutas-y-verduras/frutas/fresas-arandanos-aguaymanto-y-frutas-berries?PS=24","Blueberries LA FLORENCIA Bandeja 100g","https://www.plazavea.com.pe/blueberries-la-florencia-bandeja-100g/p","Blueberries LA FLORENCIA Bandeja 100g","5",".99"
"1572320318-212","https://www.plazavea.com.pe/frutas-y-verduras","Verduras","https://www.plazavea.com.pe/frutas-y-verduras/verduras?PS=24","Apio, Espárrago y Otros Tallos (5)","https://www.plazavea.com.pe/frutas-y-verduras/verduras/apio-esparrago-y-otros-tallos?PS=24","Espárrago Verde LA FLORENCIA Bolsa 320g","https://www.plazavea.com.pe/esparrago-verde-la-florencia-bolsa-320g/p","Espárrago Verde LA FLORENCIA Bolsa 320g","7",".30"
"1572320032-157","https://www.plazavea.com.pe/frutas-y-verduras","Verduras","https://www.plazavea.com.pe/frutas-y-verduras/verduras?PS=24","Verduras Congeladas (8)","https://www.plazavea.com.pe/frutas-y-verduras/verduras/verduras-congeladas?PS=24","Papa Prefrita COCINERO Bolsa 750g","https://www.plazavea.com.pe/papa-prefrita-cocinero-bolsa-750g/p","Papa Prefrita COCINERO Bolsa 750g","6",".20"
"1572320447-232","https://www.plazavea.com.pe/frutas-y-verduras","Verduras","https://www.plazavea.com.pe/frutas-y-verduras/verduras?PS=24","Zapallo, Berenjena y Caigua (6)","https://www.plazavea.com.pe/frutas-y-verduras/verduras/zapallo-berenjena-y-caigua?PS=24","Cayhua Chilena x unidad","https://www.plazavea.com.pe/cayhua-chilena-x-unidad/p","Cayhua Chilena x unidad","3",".50"
"1572320525-249","https://www.plazavea.com.pe/frutas-y-verduras","Frutas","https://www.plazavea.com.pe/frutas-y-verduras/frutas?PS=24","Sandía, Melón y Tuna (3)","https://www.plazavea.com.pe/frutas-y-verduras/frutas/sandia-melon-y-tuna?PS=24","Sandía","https://www.plazavea.com.pe/sandia-1un-12-sandia/p","Sandía","1",".99"
"1572320578-261","https://www.plazavea.com.pe/frutas-y-verduras","Frutas","https://www.plazavea.com.pe/frutas-y-verduras/frutas?PS=24","Fresas, Arándanos, Aguaymanto y Frutas Berries (7)","https://www.plazavea.com.pe/frutas-y-verduras/frutas/fresas-arandanos-aguaymanto-y-frutas-berries?PS=24","Aguaymanto con Capullo LA FLORENCIA Bandeja 200g","https://www.plazavea.com.pe/aguaymanto-con-capullo-la-florencia-bandeja-200g/p","Aguaymanto con Capullo LA FLORENCIA Bandeja 200g","3",".99"
"1572320719-286","https://www.plazavea.com.pe/frutas-y-verduras","Frutas","https://www.plazavea.com.pe/frutas-y-verduras/frutas?PS=24","Chirimoya, Lúcuma, Carambola y Frutas Exóticas (10)","https://www.plazavea.com.pe/frutas-y-verduras/frutas/chirimoya-lucuma-carambola-y-frutas-exoticas?PS=24","Cocona","https://www.plazavea.com.pe/cocona/p","Cocona","5",".99"
"1572320154-182","https://www.plazavea.com.pe/frutas-y-verduras","Verduras","https://www.plazavea.com.pe/frutas-y-verduras/verduras?PS=24","Choclo, Arvejas, Vainitas, Habas y Otras Legumbres (6)","https://www.plazavea.com.pe/frutas-y-verduras/verduras/choclo-arvejas-vainitas-habas-y-otras-legumbres?PS=24","Maíz Morado","https://www.plazavea.com.pe/maiz-morado/p","Maíz Morado","5",".99"
"1572320234-200","https://www.plazavea.com.pe/frutas-y-verduras","Verduras","https://www.plazavea.com.pe/frutas-y-verduras/verduras?PS=24","Lechuga, Espinaca y Hojas Verdes (19)","https://www.plazavea.com.pe/frutas-y-verduras/verduras/lechuga-espinaca-y-hojas-verdes?PS=24","Lechuga Entera VERDE PURO","https://www.plazavea.com.pe/lechuga-entera-verde-puro/p","Lechuga Entera VERDE PURO","6",".99"
"1572320268-201","https://www.plazavea.com.pe/frutas-y-verduras","Verduras","https://www.plazavea.com.pe/frutas-y-verduras/verduras?PS=24","Lechuga, Espinaca y Hojas Verdes (19)","https://www.plazavea.com.pe/frutas-y-verduras/verduras/lechuga-espinaca-y-hojas-verdes?PS=24","Lechuga Seda Hidropónica LA FLORENCIA Bolsa 120g","https://www.plazavea.com.pe/lechuga-seda-hidroponica-la-florencia-bolsa-120g/p","Lechuga Seda Hidropónica LA FLORENCIA Bolsa 120g","2",".29"
"1572319919-139","https://www.plazavea.com.pe/frutas-y-verduras","Verduras","https://www.plazavea.com.pe/frutas-y-verduras/verduras?PS=24","Verduras Picadas y Preparadas (23)","https://www.plazavea.com.pe/frutas-y-verduras/verduras/verduras-picadas-y-preparadas?PS=24","Ensalada Rusa Precocida GREEN FOOD Bolsa 400g","https://www.plazavea.com.pe/ensalada-rusa-precocida-green-food-bolsa-400g/p","Ensalada Rusa Precocida GREEN FOOD Bolsa 400g","7",".39"
"1572320004-151","https://www.plazavea.com.pe/frutas-y-verduras","Verduras","https://www.plazavea.com.pe/frutas-y-verduras/verduras?PS=24","Hongos y Setas (6)","https://www.plazavea.com.pe/frutas-y-verduras/verduras/hongos-y-setas?PS=24","Champiñón Crimini Picado PACCU Bandeja 200g","https://www.plazavea.com.pe/champinon-crimini-picado-paccu-bandeja-200g/p","Champiñón Crimini Picado PACCU Bandeja 200g","6",".49"
"1572320163-184","https://www.plazavea.com.pe/frutas-y-verduras","Verduras","https://www.plazavea.com.pe/frutas-y-verduras/verduras?PS=24","Choclo, Arvejas, Vainitas, Habas y Otras Legumbres (6)","https://www.plazavea.com.pe/frutas-y-verduras/verduras/choclo-arvejas-vainitas-habas-y-otras-legumbres?PS=24","Choclo x unidad","https://www.plazavea.com.pe/choclo-x-unidad/p","Choclo x unidad","1",".99"
"1572320056-162","https://www.plazavea.com.pe/frutas-y-verduras","Verduras","https://www.plazavea.com.pe/frutas-y-verduras/verduras?PS=24","Zanahoria, Beterraga, Rabanito y Otras Raíces (5)","https://www.plazavea.com.pe/frutas-y-verduras/verduras/zanahoria-beterraga-rabanito-y-otras-raices?PS=24","Zanahoria Entera","https://www.plazavea.com.pe/zanahoria-entera/p","Zanahoria Entera","1",".99"
"1572319993-148","https://www.plazavea.com.pe/frutas-y-verduras","Verduras","https://www.plazavea.com.pe/frutas-y-verduras/verduras?PS=24","Hongos y Setas (6)","https://www.plazavea.com.pe/frutas-y-verduras/verduras/hongos-y-setas?PS=24","Champiñones Picados PACCU Bandeja 200g","https://www.plazavea.com.pe/champinones-picados-paccu-bandeja-200g/p","Champiñones Picados PACCU Bandeja 200g","5",".30"
"1572319857-124","https://www.plazavea.com.pe/frutas-y-verduras","Verduras","https://www.plazavea.com.pe/frutas-y-verduras/verduras?PS=24","Verduras Picadas y Preparadas (23)","https://www.plazavea.com.pe/frutas-y-verduras/verduras/verduras-picadas-y-preparadas?PS=24","Berros Hidropónicos VERDE PURO Táper 120g","https://www.plazavea.com.pe/berros-hidroponicos-verde-puro-taper-120g/p","Berros Hidropónicos VERDE PURO Táper 120g","8",".99"
"1572319926-141","https://www.plazavea.com.pe/frutas-y-verduras","Verduras","https://www.plazavea.com.pe/frutas-y-verduras/verduras?PS=24","Verduras Picadas y Preparadas (23)","https://www.plazavea.com.pe/frutas-y-verduras/verduras/verduras-picadas-y-preparadas?PS=24","Cebolla Picada LA FLORENCIA Bandeja 200g","https://www.plazavea.com.pe/cebolla-picada-la-florencia-bandeja-200g/p","Cebolla Picada LA FLORENCIA Bandeja 200g","6",".99"
"1572320111-174","https://www.plazavea.com.pe/frutas-y-verduras","Verduras","https://www.plazavea.com.pe/frutas-y-verduras/verduras?PS=24","Tomate, Pepino, Pimiento y Rocoto (7)","https://www.plazavea.com.pe/frutas-y-verduras/verduras/tomate-pepino-pimiento-y-rocoto?PS=24","Pimiento Morrón","https://www.plazavea.com.pe/pimiento-morron/p","Pimiento Morrón","5",".99"
"1572320182-188","https://www.plazavea.com.pe/frutas-y-verduras","Verduras","https://www.plazavea.com.pe/frutas-y-verduras/verduras?PS=24","Hierbas e Infusiones (5)","https://www.plazavea.com.pe/frutas-y-verduras/verduras/hierbas-e-infusiones?PS=24","Hierba Buena x unidad","https://www.plazavea.com.pe/hierba-buena-x-unidad/p","Hierba Buena x unidad","1",".49"
"1572320052-161","https://www.plazavea.com.pe/frutas-y-verduras","Verduras","https://www.plazavea.com.pe/frutas-y-verduras/verduras?PS=24","Zanahoria, Beterraga, Rabanito y Otras Raíces (5)","https://www.plazavea.com.pe/frutas-y-verduras/verduras/zanahoria-beterraga-rabanito-y-otras-raices?PS=24","Rabanito LA FLORENCIA Bolsa 400g","https://www.plazavea.com.pe/rabanito-la-florencia-bolsa-400g/p","Rabanito LA FLORENCIA Bolsa 400g","2",".50"
"1572320305-209","https://www.plazavea.com.pe/frutas-y-verduras","Verduras","https://www.plazavea.com.pe/frutas-y-verduras/verduras?PS=24","Apio, Espárrago y Otros Tallos (5)","https://www.plazavea.com.pe/frutas-y-verduras/verduras/apio-esparrago-y-otros-tallos?PS=24","Poro x unidad","https://www.plazavea.com.pe/poro-x-unidad/p","Poro x unidad","1",".49"
"1572320198-191","https://www.plazavea.com.pe/frutas-y-verduras","Verduras","https://www.plazavea.com.pe/frutas-y-verduras/verduras?PS=24","Lechuga, Espinaca y Hojas Verdes (19)","https://www.plazavea.com.pe/frutas-y-verduras/verduras/lechuga-espinaca-y-hojas-verdes?PS=24","Lechuga Americana VITTAFRESH Bolsa Unidad","https://www.plazavea.com.pe/lechuga-americana-vittafresh-bolsa-unidad/p","Lechuga Americana VITTAFRESH Bolsa Unidad","3",".70"
"1572320552-255","https://www.plazavea.com.pe/frutas-y-verduras","Frutas","https://www.plazavea.com.pe/frutas-y-verduras/frutas?PS=24","Maracuyá, Granadilla y Tumbo (3)","https://www.plazavea.com.pe/frutas-y-verduras/frutas/maracuya-granadilla-y-tumbo?PS=24","Maracuyá","https://www.plazavea.com.pe/maracuya/p","Maracuyá","3",".99"
"1572320174-186","https://www.plazavea.com.pe/frutas-y-verduras","Verduras","https://www.plazavea.com.pe/frutas-y-verduras/verduras?PS=24","Hierbas e Infusiones (5)","https://www.plazavea.com.pe/frutas-y-verduras/verduras/hierbas-e-infusiones?PS=24","Culantro x unidad","https://www.plazavea.com.pe/culantro-x-unidad/p","Culantro x unidad","1",".50"
"1572320028-156","https://www.plazavea.com.pe/frutas-y-verduras","Verduras","https://www.plazavea.com.pe/frutas-y-verduras/verduras?PS=24","Verduras Congeladas (8)","https://www.plazavea.com.pe/frutas-y-verduras/verduras/verduras-congeladas?PS=24","Papa Prefrita COCINERO Tumbay Bolsa 700g","https://www.plazavea.com.pe/papa-prefrita-cocinero-tumbay-bolsa-700g/p","Papa Prefrita COCINERO Tumbay Bolsa 700g","7",".90"
"1572319891-132","https://www.plazavea.com.pe/frutas-y-verduras","Verduras","https://www.plazavea.com.pe/frutas-y-verduras/verduras?PS=24","Verduras Picadas y Preparadas (23)","https://www.plazavea.com.pe/frutas-y-verduras/verduras/verduras-picadas-y-preparadas?PS=24","Verdura Picada para Sopa de Verduras LA FLORENCIA Bandeja 500g","https://www.plazavea.com.pe/verdura-picada-para-sopa-de-verduras-la-florencia-bandeja-500g/p","Verdura Picada para Sopa de Verduras LA FLORENCIA Bandeja 500g","8",".50"
"1572320178-187","https://www.plazavea.com.pe/frutas-y-verduras","Verduras","https://www.plazavea.com.pe/frutas-y-verduras/verduras?PS=24","Hierbas e Infusiones (5)","https://www.plazavea.com.pe/frutas-y-verduras/verduras/hierbas-e-infusiones?PS=24","Huacatay x unidad","https://www.plazavea.com.pe/huacatay-x-unidad/p","Huacatay x unidad","0",".99"
"1572320043-159","https://www.plazavea.com.pe/frutas-y-verduras","Verduras","https://www.plazavea.com.pe/frutas-y-verduras/verduras?PS=24","Zanahoria, Beterraga, Rabanito y Otras Raíces (5)","https://www.plazavea.com.pe/frutas-y-verduras/verduras/zanahoria-beterraga-rabanito-y-otras-raices?PS=24","Kion","https://www.plazavea.com.pe/kion/p","Kion","4",".69"
"1572319862-125","https://www.plazavea.com.pe/frutas-y-verduras","Verduras","https://www.plazavea.com.pe/frutas-y-verduras/verduras?PS=24","Verduras Picadas y Preparadas (23)","https://www.plazavea.com.pe/frutas-y-verduras/verduras/verduras-picadas-y-preparadas?PS=24","Ensalada VITTAFRESH Mix col y zanahoria Bandeja 250g","https://www.plazavea.com.pe/ensalada-vittafresh-mix-col-y-zanahoria-bolsa-250gr/p","Ensalada VITTAFRESH Mix col y zanahoria Bandeja 250g","3",".99"
"1572320213-195","https://www.plazavea.com.pe/frutas-y-verduras","Verduras","https://www.plazavea.com.pe/frutas-y-verduras/verduras?PS=24","Lechuga, Espinaca y Hojas Verdes (19)","https://www.plazavea.com.pe/frutas-y-verduras/verduras/lechuga-espinaca-y-hojas-verdes?PS=24","Lechuga Crespa VITTA FRESH Bolsa 250g","https://www.plazavea.com.pe/lechuga-crespa-vitta-fresh-bolsa-250g/p","Lechuga Crespa VITTA FRESH Bolsa 250g","2",".79"
"1572320091-170","https://www.plazavea.com.pe/frutas-y-verduras","Verduras","https://www.plazavea.com.pe/frutas-y-verduras/verduras?PS=24","Papa, Camote, Yuca y Otros Tubérculos (10)","https://www.plazavea.com.pe/frutas-y-verduras/verduras/papa-camote-yuca-y-otros-tuberculos?PS=24","Papa Amarilla Peruanita","https://www.plazavea.com.pe/papa-amarilla-peruanita/p","Papa Amarilla Peruanita","4",".70"
"1572320076-166","https://www.plazavea.com.pe/frutas-y-verduras","Verduras","https://www.plazavea.com.pe/frutas-y-verduras/verduras?PS=24","Papa, Camote, Yuca y Otros Tubérculos (10)","https://www.plazavea.com.pe/frutas-y-verduras/verduras/papa-camote-yuca-y-otros-tuberculos?PS=24","Papa Huayro","https://www.plazavea.com.pe/papa-huayro-x-kilo/p","Papa Huayro","4",".20"
"1572320326-213","https://www.plazavea.com.pe/frutas-y-verduras","Verduras","https://www.plazavea.com.pe/frutas-y-verduras/verduras?PS=24","Brócoli, Coliflor y Alcachofa (5)","https://www.plazavea.com.pe/frutas-y-verduras/verduras/brocoli-coliflor-y-alcachofa?PS=24","Fondo de Alcachofa LA FLORENCIA Bolsa 250g","https://www.plazavea.com.pe/fondo-de-alcachofa-la-florencia-bolsa-250g/p","Fondo de Alcachofa LA FLORENCIA Bolsa 250g","16",".99"
"1572319997-149","https://www.plazavea.com.pe/frutas-y-verduras","Verduras","https://www.plazavea.com.pe/frutas-y-verduras/verduras?PS=24","Hongos y Setas (6)","https://www.plazavea.com.pe/frutas-y-verduras/verduras/hongos-y-setas?PS=24","Champiñones Enteros PACCU Bandeja 200g","https://www.plazavea.com.pe/champinon-paccu-bandeja-200g/p","Champiñones Enteros PACCU Bandeja 200g","5",".99"
"1572320430-228","https://www.plazavea.com.pe/frutas-y-verduras","Verduras","https://www.plazavea.com.pe/frutas-y-verduras/verduras?PS=24","Zapallo, Berenjena y Caigua (6)","https://www.plazavea.com.pe/frutas-y-verduras/verduras/zapallo-berenjena-y-caigua?PS=24","Caigua x unidad","https://www.plazavea.com.pe/caigua-x-unidad/p","Caigua x unidad","0",".89"
"1572319903-135","https://www.plazavea.com.pe/frutas-y-verduras","Verduras","https://www.plazavea.com.pe/frutas-y-verduras/verduras?PS=24","Verduras Picadas y Preparadas (23)","https://www.plazavea.com.pe/frutas-y-verduras/verduras/verduras-picadas-y-preparadas?PS=24","Verdura Picada para Tallarín Saltado LA FLORENCIA Bandeja 400g","https://www.plazavea.com.pe/verdura-picada-para-tallarin-saltado-la-florencia-bandeja-400g/p","Verdura Picada para Tallarín Saltado LA FLORENCIA Bandeja 400g","9",".90"
"1572320758-294","https://www.plazavea.com.pe/frutas-y-verduras","Frutas","https://www.plazavea.com.pe/frutas-y-verduras/frutas?PS=24","Naranjas y Mandarinas y Frutas Cítricas (5)","https://www.plazavea.com.pe/frutas-y-verduras/frutas/naranjas-y-mandarinas-y-frutas-citricas?PS=24","Mandarina HAPPY FRUT","https://www.plazavea.com.pe/mandarina-happy-frut/p","Mandarina HAPPY FRUT","3",".49"
"1572319935-143","https://www.plazavea.com.pe/frutas-y-verduras","Verduras","https://www.plazavea.com.pe/frutas-y-verduras/verduras?PS=24","Verduras Picadas y Preparadas (23)","https://www.plazavea.com.pe/frutas-y-verduras/verduras/verduras-picadas-y-preparadas?PS=24","Sopa Andina LA FLORENCIA Bandeja 500g","https://www.plazavea.com.pe/sopa-andina-la-florencia-bandeja-500g/p","Sopa Andina LA FLORENCIA Bandeja 500g","9",".50"
"1572320672-275","https://www.plazavea.com.pe/frutas-y-verduras","Frutas","https://www.plazavea.com.pe/frutas-y-verduras/frutas?PS=24","Manzanas, Peras y Membrillos (8)","https://www.plazavea.com.pe/frutas-y-verduras/frutas/manzanas-peras-y-membrillos?PS=24","Manzana Verde Importada","https://www.plazavea.com.pe/manzana-verde-importada/p","Manzana Verde Importada","7",".99"
"1572320218-196","https://www.plazavea.com.pe/frutas-y-verduras","Verduras","https://www.plazavea.com.pe/frutas-y-verduras/verduras?PS=24","Lechuga, Espinaca y Hojas Verdes (19)","https://www.plazavea.com.pe/frutas-y-verduras/verduras/lechuga-espinaca-y-hojas-verdes?PS=24","Lechuga Americana LA FLORENCIA Bolsa 300g","https://www.plazavea.com.pe/lechuga-americana-la-florencia-bolsa-300g/p","Lechuga Americana LA FLORENCIA Bolsa 300g","1",".79"
"1572320712-284","https://www.plazavea.com.pe/frutas-y-verduras","Frutas","https://www.plazavea.com.pe/frutas-y-verduras/frutas?PS=24","Chirimoya, Lúcuma, Carambola y Frutas Exóticas (10)","https://www.plazavea.com.pe/frutas-y-verduras/frutas/chirimoya-lucuma-carambola-y-frutas-exoticas?PS=24","Lúcuma Madura LA FLORENCIA","https://www.plazavea.com.pe/lucuma-madura-la-florencia/p","Lúcuma Madura LA FLORENCIA","10",".99"
"1572320642-269","https://www.plazavea.com.pe/frutas-y-verduras","Frutas","https://www.plazavea.com.pe/frutas-y-verduras/frutas?PS=24","Frutas Picadas y Preparadas (10)","https://www.plazavea.com.pe/frutas-y-verduras/frutas/frutas-picadas-y-preparadas?PS=24","Piña Deshidratada en Trozos GOLDEN Empaque 50g","https://www.plazavea.com.pe/pina-deshidratada-en-trozos-golden-empaque-50g/p","Piña Deshidratada en Trozos GOLDEN Empaque 50g","4",".99"
"1572320474-237","https://www.plazavea.com.pe/frutas-y-verduras","Frutas","https://www.plazavea.com.pe/frutas-y-verduras/frutas?PS=24","Plátanos y Uvas (8)","https://www.plazavea.com.pe/frutas-y-verduras/frutas/platanos-y-uvas?PS=24","Plátano de Seda LA FLORENCIA Línea Orgánica","https://www.plazavea.com.pe/platano-de-seda-la-florencia-linea-organica/p","Plátano de Seda LA FLORENCIA Línea Orgánica","2",".99"
"1572320120-176","https://www.plazavea.com.pe/frutas-y-verduras","Verduras","https://www.plazavea.com.pe/frutas-y-verduras/verduras?PS=24","Tomate, Pepino, Pimiento y Rocoto (7)","https://www.plazavea.com.pe/frutas-y-verduras/verduras/tomate-pepino-pimiento-y-rocoto?PS=24","Rocoto x unidad","https://www.plazavea.com.pe/rocoto-x-unidad/p","Rocoto x unidad","0",".89"
"1572320645-270","https://www.plazavea.com.pe/frutas-y-verduras","Frutas","https://www.plazavea.com.pe/frutas-y-verduras/frutas?PS=24","Frutas Picadas y Preparadas (10)","https://www.plazavea.com.pe/frutas-y-verduras/frutas/frutas-picadas-y-preparadas?PS=24","Dátiles EL DATIL Bandeja 130g","https://www.plazavea.com.pe/datiles-el-datil-bandeja-130g/p","Dátiles EL DATIL Bandeja 130g","10",".49"
"1572320128-178","https://www.plazavea.com.pe/frutas-y-verduras","Verduras","https://www.plazavea.com.pe/frutas-y-verduras/verduras?PS=24","Tomate, Pepino, Pimiento y Rocoto (7)","https://www.plazavea.com.pe/frutas-y-verduras/verduras/tomate-pepino-pimiento-y-rocoto?PS=24","Tomate Cherry INCATOM Paquete 200g","https://www.plazavea.com.pe/tomate-cherry-incatom-paquete-200g/p","Tomate Cherry INCATOM Paquete 200g","5",".49"
"1572320125-177","https://www.plazavea.com.pe/frutas-y-verduras","Verduras","https://www.plazavea.com.pe/frutas-y-verduras/verduras?PS=24","Tomate, Pepino, Pimiento y Rocoto (7)","https://www.plazavea.com.pe/frutas-y-verduras/verduras/tomate-pepino-pimiento-y-rocoto?PS=24","Tomate ICATOM Ideal para Ensaladas","https://www.plazavea.com.pe/tomate-icatom-ideal-para-ensaladas/p","Tomate ICATOM Ideal para Ensaladas","5",".69"
"1572320314-211","https://www.plazavea.com.pe/frutas-y-verduras","Verduras","https://www.plazavea.com.pe/frutas-y-verduras/verduras?PS=24","Apio, Espárrago y Otros Tallos (5)","https://www.plazavea.com.pe/frutas-y-verduras/verduras/apio-esparrago-y-otros-tallos?PS=24","Apio en Bastones VITTAFRESH Bolsa 200g","https://www.plazavea.com.pe/apio-verde-en-bastones-vittafresh-bolsa-200g/p","Apio en Bastones VITTAFRESH Bolsa 200g","5",".90"
"1572320071-165","https://www.plazavea.com.pe/frutas-y-verduras","Verduras","https://www.plazavea.com.pe/frutas-y-verduras/verduras?PS=24","Papa, Camote, Yuca y Otros Tubérculos (10)","https://www.plazavea.com.pe/frutas-y-verduras/verduras/papa-camote-yuca-y-otros-tuberculos?PS=24","Olluco","https://www.plazavea.com.pe/olluco-por-kilo/p","Olluco","8",".49"
"1572320393-221","https://www.plazavea.com.pe/frutas-y-verduras","Verduras","https://www.plazavea.com.pe/frutas-y-verduras/verduras?PS=24","Cebolla, Limón, Ajo y Ají (12)","https://www.plazavea.com.pe/frutas-y-verduras/verduras/cebolla-limon-ajo-y-aji?PS=24","Ajo Pelado COSECHA ROMERO Paquete 250g","https://www.plazavea.com.pe/ajo-pelado-cosecha-romero-paquete-250g/p","Ajo Pelado COSECHA ROMERO Paquete 250g","8",".40"
"1572320100-172","https://www.plazavea.com.pe/frutas-y-verduras","Verduras","https://www.plazavea.com.pe/frutas-y-verduras/verduras?PS=24","Papa, Camote, Yuca y Otros Tubérculos (10)","https://www.plazavea.com.pe/frutas-y-verduras/verduras/papa-camote-yuca-y-otros-tuberculos?PS=24","Papa Blanca Procesada","https://www.plazavea.com.pe/papa-blanca-procesada/p","Papa Blanca Procesada","2",".99"
"1572320635-267","https://www.plazavea.com.pe/frutas-y-verduras","Frutas","https://www.plazavea.com.pe/frutas-y-verduras/frutas?PS=24","Frutas Picadas y Preparadas (10)","https://www.plazavea.com.pe/frutas-y-verduras/frutas/frutas-picadas-y-preparadas?PS=24","Ensalada de Piña, Sandía y Papaya SOLEI Bandeja 300g","https://www.plazavea.com.pe/ensalada-de-pina-sandia-y-papaya-solei-bandeja-300g/p","Ensalada de Piña, Sandía y Papaya SOLEI Bandeja 300g","5",".90"
"1572320280-204","https://www.plazavea.com.pe/frutas-y-verduras","Verduras","https://www.plazavea.com.pe/frutas-y-verduras/verduras?PS=24","Lechuga, Espinaca y Hojas Verdes (19)","https://www.plazavea.com.pe/frutas-y-verduras/verduras/lechuga-espinaca-y-hojas-verdes?PS=24","Lechuga Roja VITTA FRESH Bolsa Unidad","https://www.plazavea.com.pe/lechuga-roja-vitta-fresh-bolsa-unidad/p","Lechuga Roja VITTA FRESH Bolsa Unidad","3",".29"
"1572320434-229","https://www.plazavea.com.pe/frutas-y-verduras","Verduras","https://www.plazavea.com.pe/frutas-y-verduras/verduras?PS=24","Zapallo, Berenjena y Caigua (6)","https://www.plazavea.com.pe/frutas-y-verduras/verduras/zapallo-berenjena-y-caigua?PS=24","Zapallo Italiano x unidad","https://www.plazavea.com.pe/zapallo-italiano-x-unidad/p","Zapallo Italiano x unidad","1",".89"
"1572320521-248","https://www.plazavea.com.pe/frutas-y-verduras","Frutas","https://www.plazavea.com.pe/frutas-y-verduras/frutas?PS=24","Sandía, Melón y Tuna (3)","https://www.plazavea.com.pe/frutas-y-verduras/frutas/sandia-melon-y-tuna?PS=24","Melón Coquito","https://www.plazavea.com.pe/melon-coquito/p","Melón Coquito","4",".99"
"1572320230-199","https://www.plazavea.com.pe/frutas-y-verduras","Verduras","https://www.plazavea.com.pe/frutas-y-verduras/verduras?PS=24","Lechuga, Espinaca y Hojas Verdes (19)","https://www.plazavea.com.pe/frutas-y-verduras/verduras/lechuga-espinaca-y-hojas-verdes?PS=24","Lechuga Romana DELISALAD Bolsa 200g","https://www.plazavea.com.pe/lechuga-romana-delisalad-bolsa-200g/p","Lechuga Romana DELISALAD Bolsa 200g","2",".99"
"1572320500-243","https://www.plazavea.com.pe/frutas-y-verduras","Frutas","https://www.plazavea.com.pe/frutas-y-verduras/frutas?PS=24","Papaya, Mango y Piña (6)","https://www.plazavea.com.pe/frutas-y-verduras/frutas/papaya-mango-y-pina?PS=24","Piña Golden","https://www.plazavea.com.pe/pina-golden/p","Piña Golden","4",".59"
"1572320508-245","https://www.plazavea.com.pe/frutas-y-verduras","Frutas","https://www.plazavea.com.pe/frutas-y-verduras/frutas?PS=24","Papaya, Mango y Piña (6)","https://www.plazavea.com.pe/frutas-y-verduras/frutas/papaya-mango-y-pina?PS=24","Papaya en Trozos SOLEI Bandeja 300g","https://www.plazavea.com.pe/papaya-en-trozos-solei-bandeja-300g/p","Papaya en Trozos SOLEI Bandeja 300g","5",".99"
"1572320364-215","https://www.plazavea.com.pe/frutas-y-verduras","Verduras","https://www.plazavea.com.pe/frutas-y-verduras/verduras?PS=24","Brócoli, Coliflor y Alcachofa (5)","https://www.plazavea.com.pe/frutas-y-verduras/verduras/brocoli-coliflor-y-alcachofa?PS=24","Acelga LA FLORENCIA Bolsa 300g","https://www.plazavea.com.pe/acelga-la-florencia-bolsa-300g/p","Acelga LA FLORENCIA Bolsa 300g","2",".99"
"1572320276-203","https://www.plazavea.com.pe/frutas-y-verduras","Verduras","https://www.plazavea.com.pe/frutas-y-verduras/verduras?PS=24","Lechuga, Espinaca y Hojas Verdes (19)","https://www.plazavea.com.pe/frutas-y-verduras/verduras/lechuga-espinaca-y-hojas-verdes?PS=24","Lechuga Romana VITTA FRESH Bolsa Unidad","https://www.plazavea.com.pe/lechuga-romana-vitta-fresh-bolsa-unidad/p","Lechuga Romana VITTA FRESH Bolsa Unidad","2",".99"
"1572320185-189","https://www.plazavea.com.pe/frutas-y-verduras","Verduras","https://www.plazavea.com.pe/frutas-y-verduras/verduras?PS=24","Hierbas e Infusiones (5)","https://www.plazavea.com.pe/frutas-y-verduras/verduras/hierbas-e-infusiones?PS=24","Perejil x unidad","https://www.plazavea.com.pe/perejil-x-unidad/p","Perejil x unidad","1",".50"
"1572319866-126","https://www.plazavea.com.pe/frutas-y-verduras","Verduras","https://www.plazavea.com.pe/frutas-y-verduras/verduras?PS=24","Verduras Picadas y Preparadas (23)","https://www.plazavea.com.pe/frutas-y-verduras/verduras/verduras-picadas-y-preparadas?PS=24","Ensalada Clásica VITTA FRESH Bolsa 180g","https://www.plazavea.com.pe/ensalada-clasica-vitta-fresh-bolsa-180g/p","Ensalada Clásica VITTA FRESH Bolsa 180g","3",".60"
"1572320039-158","https://www.plazavea.com.pe/frutas-y-verduras","Verduras","https://www.plazavea.com.pe/frutas-y-verduras/verduras?PS=24","Zanahoria, Beterraga, Rabanito y Otras Raíces (5)","https://www.plazavea.com.pe/frutas-y-verduras/verduras/zanahoria-beterraga-rabanito-y-otras-raices?PS=24","Beterraga x unidad","https://www.plazavea.com.pe/beterraga-x-unidad/p","Beterraga x unidad","2",".99"
"1572320716-285","https://www.plazavea.com.pe/frutas-y-verduras","Frutas","https://www.plazavea.com.pe/frutas-y-verduras/frutas?PS=24","Chirimoya, Lúcuma, Carambola y Frutas Exóticas (10)","https://www.plazavea.com.pe/frutas-y-verduras/frutas/chirimoya-lucuma-carambola-y-frutas-exoticas?PS=24","Maní Tostado en Cáscara Bolsa 250g","https://www.plazavea.com.pe/mani-tostado-en-cascara-bolsa-250g/p","Maní Tostado en Cáscara Bolsa 250g","5",".90"
"1572320012-152","https://www.plazavea.com.pe/frutas-y-verduras","Verduras","https://www.plazavea.com.pe/frutas-y-verduras/verduras?PS=24","Verduras Congeladas (8)","https://www.plazavea.com.pe/frutas-y-verduras/verduras/verduras-congeladas?PS=24","Camote Prefrito BELL'S Bolsa 500g","https://www.plazavea.com.pe/camote-prefrito-bells-bolsa-500g/p","Camote Prefrito BELL'S Bolsa 500g","10",".00"
"1572319895-133","https://www.plazavea.com.pe/frutas-y-verduras","Verduras","https://www.plazavea.com.pe/frutas-y-verduras/verduras?PS=24","Verduras Picadas y Preparadas (23)","https://www.plazavea.com.pe/frutas-y-verduras/verduras/verduras-picadas-y-preparadas?PS=24","Ensalada Rusa LA FLORENCIA Bandeja 500g","https://www.plazavea.com.pe/ensalada-rusa-la-florencia-bandeja-500g/p","Ensalada Rusa LA FLORENCIA Bandeja 500g","9",".49"
"1572320148-181","https://www.plazavea.com.pe/frutas-y-verduras","Verduras","https://www.plazavea.com.pe/frutas-y-verduras/verduras?PS=24","Choclo, Arvejas, Vainitas, Habas y Otras Legumbres (6)","https://www.plazavea.com.pe/frutas-y-verduras/verduras/choclo-arvejas-vainitas-habas-y-otras-legumbres?PS=24","Arveja","https://www.plazavea.com.pe/arveja-americana/p","Arveja","5",".99"
"1572320708-283","https://www.plazavea.com.pe/frutas-y-verduras","Frutas","https://www.plazavea.com.pe/frutas-y-verduras/frutas?PS=24","Chirimoya, Lúcuma, Carambola y Frutas Exóticas (10)","https://www.plazavea.com.pe/frutas-y-verduras/frutas/chirimoya-lucuma-carambola-y-frutas-exoticas?PS=24","Pepino Melón","https://www.plazavea.com.pe/pepino-melon/p","Pepino Melón","3",".99"
"1572320087-169","https://www.plazavea.com.pe/frutas-y-verduras","Verduras","https://www.plazavea.com.pe/frutas-y-verduras/verduras?PS=24","Papa, Camote, Yuca y Otros Tubérculos (10)","https://www.plazavea.com.pe/frutas-y-verduras/verduras/papa-camote-yuca-y-otros-tuberculos?PS=24","Camote Amarillo Procesado","https://www.plazavea.com.pe/camote-amarillo-procesado/p","Camote Amarillo Procesado","2",".40"
"1572319879-129","https://www.plazavea.com.pe/frutas-y-verduras","Verduras","https://www.plazavea.com.pe/frutas-y-verduras/verduras?PS=24","Verduras Picadas y Preparadas (23)","https://www.plazavea.com.pe/frutas-y-verduras/verduras/verduras-picadas-y-preparadas?PS=24","Ensalada Campestre VITTA FRESH Bolsa Unidad","https://www.plazavea.com.pe/ensalada-campestre-vitta-fresh-bolsa-unidad/p","Ensalada Campestre VITTA FRESH Bolsa Unidad","6",".99"
"1572320389-220","https://www.plazavea.com.pe/frutas-y-verduras","Verduras","https://www.plazavea.com.pe/frutas-y-verduras/verduras?PS=24","Cebolla, Limón, Ajo y Ají (12)","https://www.plazavea.com.pe/frutas-y-verduras/verduras/cebolla-limon-ajo-y-aji?PS=24","Cebollita China LÍNEA VERDE","https://www.plazavea.com.pe/cebollita-china-linea-verde/p","Cebollita China LÍNEA VERDE","3",".50"
"1572320079-167","https://www.plazavea.com.pe/frutas-y-verduras","Verduras","https://www.plazavea.com.pe/frutas-y-verduras/verduras?PS=24","Papa, Camote, Yuca y Otros Tubérculos (10)","https://www.plazavea.com.pe/frutas-y-verduras/verduras/papa-camote-yuca-y-otros-tuberculos?PS=24","Yuca","https://www.plazavea.com.pe/yuca-blanca-p/p","Yuca","3",".49"
"1572320159-183","https://www.plazavea.com.pe/frutas-y-verduras","Verduras","https://www.plazavea.com.pe/frutas-y-verduras/verduras?PS=24","Choclo, Arvejas, Vainitas, Habas y Otras Legumbres (6)","https://www.plazavea.com.pe/frutas-y-verduras/verduras/choclo-arvejas-vainitas-habas-y-otras-legumbres?PS=24","Haba Verde","https://www.plazavea.com.pe/haba-verde-x-kg/p","Haba Verde","3",".99"
"1572320405-223","https://www.plazavea.com.pe/frutas-y-verduras","Verduras","https://www.plazavea.com.pe/frutas-y-verduras/verduras?PS=24","Cebolla, Limón, Ajo y Ají (12)","https://www.plazavea.com.pe/frutas-y-verduras/verduras/cebolla-limon-ajo-y-aji?PS=24","Ajo Entero","https://www.plazavea.com.pe/ajo-entero/p","Ajo Entero","12",".99"
"1572320685-278","https://www.plazavea.com.pe/frutas-y-verduras","Frutas","https://www.plazavea.com.pe/frutas-y-verduras/frutas?PS=24","Manzanas, Peras y Membrillos (8)","https://www.plazavea.com.pe/frutas-y-verduras/frutas/manzanas-peras-y-membrillos?PS=24","Manzana Delicia","https://www.plazavea.com.pe/manzana-delicia/p","Manzana Delicia","3",".59"
"1572320201-192","https://www.plazavea.com.pe/frutas-y-verduras","Verduras","https://www.plazavea.com.pe/frutas-y-verduras/verduras?PS=24","Lechuga, Espinaca y Hojas Verdes (19)","https://www.plazavea.com.pe/frutas-y-verduras/verduras/lechuga-espinaca-y-hojas-verdes?PS=24","Lechuga Crespa DELISALAD Bolsa 400g","https://www.plazavea.com.pe/lechuga-crespa-delisalad-bolsa-400g/p","Lechuga Crespa DELISALAD Bolsa 400g","2",".99"
"1572320689-279","https://www.plazavea.com.pe/frutas-y-verduras","Frutas","https://www.plazavea.com.pe/frutas-y-verduras/frutas?PS=24","Manzanas, Peras y Membrillos (8)","https://www.plazavea.com.pe/frutas-y-verduras/frutas/manzanas-peras-y-membrillos?PS=24","Manzana Fuji Importada","https://www.plazavea.com.pe/manzana-fuji-importada/p","Manzana Fuji Importada","7",".99"
"1572320409-224","https://www.plazavea.com.pe/frutas-y-verduras","Verduras","https://www.plazavea.com.pe/frutas-y-verduras/verduras?PS=24","Cebolla, Limón, Ajo y Ají (12)","https://www.plazavea.com.pe/frutas-y-verduras/verduras/cebolla-limon-ajo-y-aji?PS=24","Cebolla Blanca","https://www.plazavea.com.pe/cebolla-blanca/p","Cebolla Blanca","1",".99"
"1572320443-231","https://www.plazavea.com.pe/frutas-y-verduras","Verduras","https://www.plazavea.com.pe/frutas-y-verduras/verduras?PS=24","Zapallo, Berenjena y Caigua (6)","https://www.plazavea.com.pe/frutas-y-verduras/verduras/zapallo-berenjena-y-caigua?PS=24","Zapallo Loche","https://www.plazavea.com.pe/zapallo-loche/p","Zapallo Loche","14",".99"
"1572320226-198","https://www.plazavea.com.pe/frutas-y-verduras","Verduras","https://www.plazavea.com.pe/frutas-y-verduras/verduras?PS=24","Lechuga, Espinaca y Hojas Verdes (19)","https://www.plazavea.com.pe/frutas-y-verduras/verduras/lechuga-espinaca-y-hojas-verdes?PS=24","Col Corazón","https://www.plazavea.com.pe/col-corazon/p","Col Corazón","2",".99"
"1572320612-262","https://www.plazavea.com.pe/frutas-y-verduras","Frutas","https://www.plazavea.com.pe/frutas-y-verduras/frutas?PS=24","Fresas, Arándanos, Aguaymanto y Frutas Berries (7)","https://www.plazavea.com.pe/frutas-y-verduras/frutas/fresas-arandanos-aguaymanto-y-frutas-berries?PS=24","Fresa LA FLORENCIA Premium Táper 500g","https://www.plazavea.com.pe/fresa-la-florencia-premium-taper-500g/p","Fresa LA FLORENCIA Premium Táper 500g","9",".99"
"1572320743-291","https://www.plazavea.com.pe/frutas-y-verduras","Frutas","https://www.plazavea.com.pe/frutas-y-verduras/frutas?PS=24","Naranjas y Mandarinas y Frutas Cítricas (5)","https://www.plazavea.com.pe/frutas-y-verduras/frutas/naranjas-y-mandarinas-y-frutas-citricas?PS=24","Toronja Rosada Nacional","https://www.plazavea.com.pe/toronja-rosada-nacional/p","Toronja Rosada Nacional","4",".99"
"1572320293-207","https://www.plazavea.com.pe/frutas-y-verduras","Verduras","https://www.plazavea.com.pe/frutas-y-verduras/verduras?PS=24","Lechuga, Espinaca y Hojas Verdes (19)","https://www.plazavea.com.pe/frutas-y-verduras/verduras/lechuga-espinaca-y-hojas-verdes?PS=24","Espinaca Bebé LA FLORENCIA Bolsa 150g","https://www.plazavea.com.pe/espinaca-bebe-la-florencia-bolsa-150g/p","Espinaca Bebé LA FLORENCIA Bolsa 150g","5",".29"
"1572320020-154","https://www.plazavea.com.pe/frutas-y-verduras","Verduras","https://www.plazavea.com.pe/frutas-y-verduras/verduras?PS=24","Verduras Congeladas (8)","https://www.plazavea.com.pe/frutas-y-verduras/verduras/verduras-congeladas?PS=24","Yuca Amarilla Precocida GREEN FOOD Bolsa 400g","https://www.plazavea.com.pe/yuca-amarilla-precocida-green-food-bolsa-400g/p","Yuca Amarilla Precocida GREEN FOOD Bolsa 400g","7",".89"
"1572320723-287","https://www.plazavea.com.pe/frutas-y-verduras","Frutas","https://www.plazavea.com.pe/frutas-y-verduras/frutas?PS=24","Chirimoya, Lúcuma, Carambola y Frutas Exóticas (10)","https://www.plazavea.com.pe/frutas-y-verduras/frutas/chirimoya-lucuma-carambola-y-frutas-exoticas?PS=24","Chirimoya Cumbe","https://www.plazavea.com.pe/chirimoya-cumbe/p","Chirimoya Cumbe","8",".99"
"1572320467-235","https://www.plazavea.com.pe/frutas-y-verduras","Frutas","https://www.plazavea.com.pe/frutas-y-verduras/frutas?PS=24","Plátanos y Uvas (8)","https://www.plazavea.com.pe/frutas-y-verduras/frutas/platanos-y-uvas?PS=24","Uva Red Globe","https://www.plazavea.com.pe/uva-red-globe/p","Uva Red Globe","5",".99"
"1572320478-238","https://www.plazavea.com.pe/frutas-y-verduras","Frutas","https://www.plazavea.com.pe/frutas-y-verduras/frutas?PS=24","Plátanos y Uvas (8)","https://www.plazavea.com.pe/frutas-y-verduras/frutas/platanos-y-uvas?PS=24","Uva Verde sin Pepa","https://www.plazavea.com.pe/uva-verde-sin-pepa/p","Uva Verde sin Pepa","10",".90"
"1572319915-138","https://www.plazavea.com.pe/frutas-y-verduras","Verduras","https://www.plazavea.com.pe/frutas-y-verduras/verduras?PS=24","Verduras Picadas y Preparadas (23)","https://www.plazavea.com.pe/frutas-y-verduras/verduras/verduras-picadas-y-preparadas?PS=24","Olluco Picado LA FLORENCIA Bandeja 400g","https://www.plazavea.com.pe/olluco-picado-la-florencia-bandeja-400g/p","Olluco Picado LA FLORENCIA Bandeja 400g","7",".90"
"1572320167-185","https://www.plazavea.com.pe/frutas-y-verduras","Verduras","https://www.plazavea.com.pe/frutas-y-verduras/verduras?PS=24","Choclo, Arvejas, Vainitas, Habas y Otras Legumbres (6)","https://www.plazavea.com.pe/frutas-y-verduras/verduras/choclo-arvejas-vainitas-habas-y-otras-legumbres?PS=24","Vainita Americana","https://www.plazavea.com.pe/vainita-americana/p","Vainita Americana","8",".40"
"1572320535-251","https://www.plazavea.com.pe/frutas-y-verduras","Frutas","https://www.plazavea.com.pe/frutas-y-verduras/frutas?PS=24","Paltas (5)","https://www.plazavea.com.pe/frutas-y-verduras/frutas/paltas?PS=24","Palta Naval","https://www.plazavea.com.pe/palta-naval/p","Palta Naval","8",".99"
"1572320067-164","https://www.plazavea.com.pe/frutas-y-verduras","Verduras","https://www.plazavea.com.pe/frutas-y-verduras/verduras?PS=24","Papa, Camote, Yuca y Otros Tubérculos (10)","https://www.plazavea.com.pe/frutas-y-verduras/verduras/papa-camote-yuca-y-otros-tuberculos?PS=24","Papa Cocktail Amarilla en Malla","https://www.plazavea.com.pe/papa-cocktail-amarilla/p","Papa Cocktail Amarilla en Malla","3",".49"
"1572320376-217","https://www.plazavea.com.pe/frutas-y-verduras","Verduras","https://www.plazavea.com.pe/frutas-y-verduras/verduras?PS=24","Cebolla, Limón, Ajo y Ají (12)","https://www.plazavea.com.pe/frutas-y-verduras/verduras/cebolla-limon-ajo-y-aji?PS=24","Ají Mirasol LA FLORENCIA Bandeja 100g","https://www.plazavea.com.pe/aji-mirasol-la-florencia-bandeja-100g/p","Ají Mirasol LA FLORENCIA Bandeja 100g","7",".49"
"1572320116-175","https://www.plazavea.com.pe/frutas-y-verduras","Verduras","https://www.plazavea.com.pe/frutas-y-verduras/verduras?PS=24","Tomate, Pepino, Pimiento y Rocoto (7)","https://www.plazavea.com.pe/frutas-y-verduras/verduras/tomate-pepino-pimiento-y-rocoto?PS=24","Pimiento Verde","https://www.plazavea.com.pe/pimiento-verde/p","Pimiento Verde","7",".99"
"1572320562-257","https://www.plazavea.com.pe/frutas-y-verduras","Frutas","https://www.plazavea.com.pe/frutas-y-verduras/frutas?PS=24","Fresas, Arándanos, Aguaymanto y Frutas Berries (7)","https://www.plazavea.com.pe/frutas-y-verduras/frutas/fresas-arandanos-aguaymanto-y-frutas-berries?PS=24","Mix Berries Paquete 100g","https://www.plazavea.com.pe/mix-berries-100gr/p","Mix Berries Paquete 100g","8",".99"
"1572320515-247","https://www.plazavea.com.pe/frutas-y-verduras","Frutas","https://www.plazavea.com.pe/frutas-y-verduras/frutas?PS=24","Papaya, Mango y Piña (6)","https://www.plazavea.com.pe/frutas-y-verduras/frutas/papaya-mango-y-pina?PS=24","Papaya","https://www.plazavea.com.pe/papaya/p","Papaya","3",".99"
"1572320489-241","https://www.plazavea.com.pe/frutas-y-verduras","Frutas","https://www.plazavea.com.pe/frutas-y-verduras/frutas?PS=24","Plátanos y Uvas (8)","https://www.plazavea.com.pe/frutas-y-verduras/frutas/platanos-y-uvas?PS=24","Plátano de Seda","https://www.plazavea.com.pe/platano-de-seda/p","Plátano de Seda","2",".49"
"1572319976-145","https://www.plazavea.com.pe/frutas-y-verduras","Verduras","https://www.plazavea.com.pe/frutas-y-verduras/verduras?PS=24","Germinados (3)","https://www.plazavea.com.pe/frutas-y-verduras/verduras/germinados?PS=24","Germinado AGE Lenteja Bandeja 100g","https://www.plazavea.com.pe/germinado-lenteja-age-bandeja-100g/p","Germinado AGE Lenteja Bandeja 100g","10",".90"
"1572320736-290","https://www.plazavea.com.pe/frutas-y-verduras","Frutas","https://www.plazavea.com.pe/frutas-y-verduras/frutas?PS=24","Melocotones, Duraznos, Ciruelas y Cerezas (1)","https://www.plazavea.com.pe/frutas-y-verduras/frutas/melocotones-duraznos-ciruelas-y-cerezas?PS=24","Melocotón Premium","https://www.plazavea.com.pe/melocoton-premium/p","Melocotón Premium","11",".90"
"1572320566-258","https://www.plazavea.com.pe/frutas-y-verduras","Frutas","https://www.plazavea.com.pe/frutas-y-verduras/frutas?PS=24","Fresas, Arándanos, Aguaymanto y Frutas Berries (7)","https://www.plazavea.com.pe/frutas-y-verduras/frutas/fresas-arandanos-aguaymanto-y-frutas-berries?PS=24","Mix de Berries LA FLORENCIA Aguaymanto y Blueberries Bandeja 300g","https://www.plazavea.com.pe/mix-de-berries-la-florencia-aguaymanto-y-blueberries-bandeja-300g/p","Mix de Berries LA FLORENCIA Aguaymanto y Blueberries Bandeja 300g","9",".90"
"1572320016-153","https://www.plazavea.com.pe/frutas-y-verduras","Verduras","https://www.plazavea.com.pe/frutas-y-verduras/verduras?PS=24","Verduras Congeladas (8)","https://www.plazavea.com.pe/frutas-y-verduras/verduras/verduras-congeladas?PS=24","Mix Italiano Precocido GREEN FOOD  Bolsa 400g","https://www.plazavea.com.pe/mix-italiano-precocido-green-food--bolsa-400g/p","Mix Italiano Precocido GREEN FOOD  Bolsa 400g","8",".39"
"1572320656-272","https://www.plazavea.com.pe/frutas-y-verduras","Frutas","https://www.plazavea.com.pe/frutas-y-verduras/frutas?PS=24","Frutas Congeladas (3)","https://www.plazavea.com.pe/frutas-y-verduras/frutas/frutas-congeladas?PS=24","Frutos del Bosque Enteros GREEN FOOD Bolsa 400g","https://www.plazavea.com.pe/frutos-del-bosque-enteros-green-food-bolsa-400g/p","Frutos del Bosque Enteros GREEN FOOD Bolsa 400g","12",".59"
"1572320638-268","https://www.plazavea.com.pe/frutas-y-verduras","Frutas","https://www.plazavea.com.pe/frutas-y-verduras/frutas?PS=24","Frutas Picadas y Preparadas (10)","https://www.plazavea.com.pe/frutas-y-verduras/frutas/frutas-picadas-y-preparadas?PS=24","Sandía en Trozos SOLEI Bandeja 300g","https://www.plazavea.com.pe/sandia-en-trozos-solei-bandeja-300g/p","Sandía en Trozos SOLEI Bandeja 300g","5",".90"
"1572320189-190","https://www.plazavea.com.pe/frutas-y-verduras","Verduras","https://www.plazavea.com.pe/frutas-y-verduras/verduras?PS=24","Hierbas e Infusiones (5)","https://www.plazavea.com.pe/frutas-y-verduras/verduras/hierbas-e-infusiones?PS=24","Albahaca x unidad","https://www.plazavea.com.pe/albahaca-x-unidad/p","Albahaca x unidad","1",".59"
"1572320205-193","https://www.plazavea.com.pe/frutas-y-verduras","Verduras","https://www.plazavea.com.pe/frutas-y-verduras/verduras?PS=24","Lechuga, Espinaca y Hojas Verdes (19)","https://www.plazavea.com.pe/frutas-y-verduras/verduras/lechuga-espinaca-y-hojas-verdes?PS=24","Lechuga Crespa LA FLORENCIA Bolsa","https://www.plazavea.com.pe/lechuga-crespa-la-florencia-bolsa/p","Lechuga Crespa LA FLORENCIA Bolsa","1",".69"
"1572320451-233","https://www.plazavea.com.pe/frutas-y-verduras","Verduras","https://www.plazavea.com.pe/frutas-y-verduras/verduras?PS=24","Zapallo, Berenjena y Caigua (6)","https://www.plazavea.com.pe/frutas-y-verduras/verduras/zapallo-berenjena-y-caigua?PS=24","Zapallo Macre (1un = 1 Tajada)","https://www.plazavea.com.pe/zapallo-macre-1un-1-tajada/p","Zapallo Macre (1un = 1 Tajada)","3",".49"
"1572319989-147","https://www.plazavea.com.pe/frutas-y-verduras","Verduras","https://www.plazavea.com.pe/frutas-y-verduras/verduras?PS=24","Hongos y Setas (6)","https://www.plazavea.com.pe/frutas-y-verduras/verduras/hongos-y-setas?PS=24","Champiñón Picado LA FLORENCIA Bandeja 200g","https://www.plazavea.com.pe/champinon-picado-la-florencia-bandeja-200g/p","Champiñón Picado LA FLORENCIA Bandeja 200g","5",".10"
"1572320001-150","https://www.plazavea.com.pe/frutas-y-verduras","Verduras","https://www.plazavea.com.pe/frutas-y-verduras/verduras?PS=24","Hongos y Setas (6)","https://www.plazavea.com.pe/frutas-y-verduras/verduras/hongos-y-setas?PS=24","Champiñón Portobello PACCU Bandeja 500g","https://www.plazavea.com.pe/champinon-portobello-paccu-bandeja-500g/p","Champiñón Portobello PACCU Bandeja 500g","17",".19"
"1572319870-127","https://www.plazavea.com.pe/frutas-y-verduras","Verduras","https://www.plazavea.com.pe/frutas-y-verduras/verduras?PS=24","Verduras Picadas y Preparadas (23)","https://www.plazavea.com.pe/frutas-y-verduras/verduras/verduras-picadas-y-preparadas?PS=24","Ensalada Delicia VITTA FRESH Táper 280g","https://www.plazavea.com.pe/ensalada-delicia-vitta-fresh-taper-280g/p","Ensalada Delicia VITTA FRESH Táper 280g","6",".99"
"1572319887-131","https://www.plazavea.com.pe/frutas-y-verduras","Verduras","https://www.plazavea.com.pe/frutas-y-verduras/verduras?PS=24","Verduras Picadas y Preparadas (23)","https://www.plazavea.com.pe/frutas-y-verduras/verduras/verduras-picadas-y-preparadas?PS=24","Locro LA FLORENCIA Paquete 500g","https://www.plazavea.com.pe/locro-la-florencia-paquete-500g/p","Locro LA FLORENCIA Paquete 500g","8",".50"
"1572320539-252","https://www.plazavea.com.pe/frutas-y-verduras","Frutas","https://www.plazavea.com.pe/frutas-y-verduras/frutas?PS=24","Paltas (5)","https://www.plazavea.com.pe/frutas-y-verduras/frutas/paltas?PS=24","Palta Fuerte","https://www.plazavea.com.pe/palta-fuerte/p","Palta Fuerte","10",".99"
"1572320542-253","https://www.plazavea.com.pe/frutas-y-verduras","Frutas","https://www.plazavea.com.pe/frutas-y-verduras/frutas?PS=24","Paltas (5)","https://www.plazavea.com.pe/frutas-y-verduras/frutas/paltas?PS=24","Palta Fuerte Madura LA FLORENCIA","https://www.plazavea.com.pe/palta-fuerte-madura-la-florencia-su/p","Palta Fuerte Madura LA FLORENCIA","14",".99"
"1572320222-197","https://www.plazavea.com.pe/frutas-y-verduras","Verduras","https://www.plazavea.com.pe/frutas-y-verduras/verduras?PS=24","Lechuga, Espinaca y Hojas Verdes (19)","https://www.plazavea.com.pe/frutas-y-verduras/verduras/lechuga-espinaca-y-hojas-verdes?PS=24","Mix de Lechuga VERDE PURO Bolsa Unidad","https://www.plazavea.com.pe/mix-de-lechuga-verde-puro-bolsa-unidad/p","Mix de Lechuga VERDE PURO Bolsa Unidad","5",".90"
"1572320369-216","https://www.plazavea.com.pe/frutas-y-verduras","Verduras","https://www.plazavea.com.pe/frutas-y-verduras/verduras?PS=24","Brócoli, Coliflor y Alcachofa (5)","https://www.plazavea.com.pe/frutas-y-verduras/verduras/brocoli-coliflor-y-alcachofa?PS=24","Brócoli","https://www.plazavea.com.pe/brocoli/p","Brócoli","4",".99"
"1572319907-136","https://www.plazavea.com.pe/frutas-y-verduras","Verduras","https://www.plazavea.com.pe/frutas-y-verduras/verduras?PS=24","Verduras Picadas y Preparadas (23)","https://www.plazavea.com.pe/frutas-y-verduras/verduras/verduras-picadas-y-preparadas?PS=24","Verdura Picada para Estofado de Carne LA FLORENCIA Bandeja 200g","https://www.plazavea.com.pe/verdura-picada-para-estofado-de-carne-la-florencia-bandeja-200g/p","Verdura Picada para Estofado de Carne LA FLORENCIA Bandeja 200g","7",".90"
"1572320385-219","https://www.plazavea.com.pe/frutas-y-verduras","Verduras","https://www.plazavea.com.pe/frutas-y-verduras/verduras?PS=24","Cebolla, Limón, Ajo y Ají (12)","https://www.plazavea.com.pe/frutas-y-verduras/verduras/cebolla-limon-ajo-y-aji?PS=24","Ají Verde","https://www.plazavea.com.pe/aji-verde/p","Ají Verde","4",".99"
"1572319911-137","https://www.plazavea.com.pe/frutas-y-verduras","Verduras","https://www.plazavea.com.pe/frutas-y-verduras/verduras?PS=24","Verduras Picadas y Preparadas (23)","https://www.plazavea.com.pe/frutas-y-verduras/verduras/verduras-picadas-y-preparadas?PS=24","Ensalada Mixta LA FLORENCIA Bandeja 500g","https://www.plazavea.com.pe/ensalada-mixta-la-florencia-bandeja-500g/p","Ensalada Mixta LA FLORENCIA Bandeja 500g","9",".29"
"1572319941-144","https://www.plazavea.com.pe/frutas-y-verduras","Verduras","https://www.plazavea.com.pe/frutas-y-verduras/verduras?PS=24","Germinados (3)","https://www.plazavea.com.pe/frutas-y-verduras/verduras/germinados?PS=24","Germinado / Sprouts AGE Bandeja 100g","https://www.plazavea.com.pe/germinado-sprouts-age-bandeja-100g/p","Germinado / Sprouts AGE Bandeja 100g","10",".90"
"1572319922-140","https://www.plazavea.com.pe/frutas-y-verduras","Verduras","https://www.plazavea.com.pe/frutas-y-verduras/verduras?PS=24","Verduras Picadas y Preparadas (23)","https://www.plazavea.com.pe/frutas-y-verduras/verduras/verduras-picadas-y-preparadas?PS=24","Sopa Wantán LA FLORENCIA Bandeja 400g","https://www.plazavea.com.pe/sopa-wantan-la-florencia-bandeja-400g/p","Sopa Wantán LA FLORENCIA Bandeja 400g","9",".50"
"1572320289-206","https://www.plazavea.com.pe/frutas-y-verduras","Verduras","https://www.plazavea.com.pe/frutas-y-verduras/verduras?PS=24","Lechuga, Espinaca y Hojas Verdes (19)","https://www.plazavea.com.pe/frutas-y-verduras/verduras/lechuga-espinaca-y-hojas-verdes?PS=24","Espinaca BELL'S Bolsa 350g","https://www.plazavea.com.pe/espinaca-bells-bolsa-350g/p","Espinaca BELL'S Bolsa 350g","3",".49"
"1572320681-277","https://www.plazavea.com.pe/frutas-y-verduras","Frutas","https://www.plazavea.com.pe/frutas-y-verduras/frutas?PS=24","Manzanas, Peras y Membrillos (8)","https://www.plazavea.com.pe/frutas-y-verduras/frutas/manzanas-peras-y-membrillos?PS=24","Manzana Israel","https://www.plazavea.com.pe/manzana-israel/p","Manzana Israel","2",".99"
"1572320630-266","https://www.plazavea.com.pe/frutas-y-verduras","Frutas","https://www.plazavea.com.pe/frutas-y-verduras/frutas?PS=24","Frutas Picadas y Preparadas (10)","https://www.plazavea.com.pe/frutas-y-verduras/frutas/frutas-picadas-y-preparadas?PS=24","Piña Golden Deshidratada FRUSELVA Paquete 50g","https://www.plazavea.com.pe/pina-golden-deshidratada-fruselva-paquete-50g/p","Piña Golden Deshidratada FRUSELVA Paquete 50g","7",".99"
"1572320653-271","https://www.plazavea.com.pe/frutas-y-verduras","Frutas","https://www.plazavea.com.pe/frutas-y-verduras/frutas?PS=24","Frutas Congeladas (3)","https://www.plazavea.com.pe/frutas-y-verduras/frutas/frutas-congeladas?PS=24","Moras Congeladas GREEN FOOD Bolsa 400g","https://www.plazavea.com.pe/moras-congeladas-green-food-bolsa-400g/p","Moras Congeladas GREEN FOOD Bolsa 400g","13",".99"
"1572319984-146","https://www.plazavea.com.pe/frutas-y-verduras","Verduras","https://www.plazavea.com.pe/frutas-y-verduras/verduras?PS=24","Hongos y Setas (6)","https://www.plazavea.com.pe/frutas-y-verduras/verduras/hongos-y-setas?PS=24","Champiñón Entero LA FLORENCIA Bandeja 200g","https://www.plazavea.com.pe/champinon-entero-la-florencia-bandeja-200g/p","Champiñón Entero LA FLORENCIA Bandeja 200g","4",".90"
