web-scraper-order,web-scraper-start-url,category,category-href,subcate,subcate-href,PRODU,PRODU-href,NAME,UNIDAD,PRECIO,PREC
"1572321646-356","https://www.tottus.com.pe/tottus/browse/Frutas-y-Verduras/11","Más Verduras","https://www.tottus.com.pe/tottus/browse/M%C3%A1s-Verduras/11.04","Ensaladas y Verduras Empacadas / Picadas","https://www.tottus.com.pe/tottus/browse/Ensaladas-y-Verduras-Empacadas-Picadas/11.02.07","","https://www.tottus.com.pe/tottus/product/TOTTUS/Verduras-para-Arroz-con-Pollo/41076333?navAction=jump&navCount=126","Verduras para Arroz con Pollo   
										TOTTUS","Envase x 200g","S/ 7.39",""
"1572321656-359","https://www.tottus.com.pe/tottus/browse/Frutas-y-Verduras/11","Más Verduras","https://www.tottus.com.pe/tottus/browse/M%C3%A1s-Verduras/11.04","Ensaladas y Verduras Empacadas / Picadas","https://www.tottus.com.pe/tottus/browse/Ensaladas-y-Verduras-Empacadas-Picadas/11.02.07","","https://www.tottus.com.pe/tottus/product/TOTTUS/Rabanito/10164015?navAction=jump&navCount=126","Rabanito   
										TOTTUS","600g es aprox. 10un","S/ 2.99","(
      S/ 4.99
    /KG)"
"1572321950-433","https://www.tottus.com.pe/tottus/browse/Frutas-y-Verduras/11","Más Frutas","https://www.tottus.com.pe/tottus/browse/M%C3%A1s-Frutas/cat1310036","Frutos Secos y Otros Snacks","https://www.tottus.com.pe/tottus/browse/Frutos-Secos-y-Otros-Snacks/cat1420019","","https://www.tottus.com.pe/tottus/product/TOTTUS/Blueberrie-Premium/41807558?navAction=jump&navCount=288","Blueberrie Premium  
										TOTTUS","Envase x 500g","S/ 11.99",""
"1572321782-391","https://www.tottus.com.pe/tottus/browse/Frutas-y-Verduras/11","Verduras","https://www.tottus.com.pe/tottus/browse/Verduras/11.02","Papas, Camotes y otros Tubérculos","https://www.tottus.com.pe/tottus/browse/Papas,-Camotes-y-otros-Tub%C3%A9rculos/cat1260016","","https://www.tottus.com.pe/tottus/product/TOTTUS/Papa-Peruanita-Procesada/10164128?navAction=jump&navCount=198","Papa Peruanita Procesada   
										TOTTUS","1.3Kg es aprox. 5un","S/ 7.40","(
      S/ 5.69
    /KG)"
"1572321457-305","https://www.tottus.com.pe/tottus/browse/Frutas-y-Verduras/11","Mundo Chino","https://www.tottus.com.pe/tottus/browse/Mundo-Chino/cat1260024","Ver todas","https://www.tottus.com.pe/tottus/browse/Ver-todas/cat1260029","","https://www.tottus.com.pe/tottus/product/TOTTUS/Cebollita-China/10164221?navAction=jump&navCount=12","Cebollita China   
										TOTTUS","Unidad","S/ 1.99",""
"1572321586-341","https://www.tottus.com.pe/tottus/browse/Frutas-y-Verduras/11","Más Verduras","https://www.tottus.com.pe/tottus/browse/M%C3%A1s-Verduras/11.04","Ver Todas","https://www.tottus.com.pe/tottus/browse/Ver-Todas/cat1260023","","https://www.tottus.com.pe/tottus/product/TOTTUS/Habas/41076344?navAction=jump&navCount=82","Habas   
										TOTTUS","Envase 200 Gr","S/ 7.59",""
"1572321621-350","https://www.tottus.com.pe/tottus/browse/Frutas-y-Verduras/11","Más Verduras","https://www.tottus.com.pe/tottus/browse/M%C3%A1s-Verduras/11.04","Hierbas Aromáticas / Infusiones","https://www.tottus.com.pe/tottus/browse/Hierbas-Arom%C3%A1ticas-Infusiones/cat1260022","","https://www.tottus.com.pe/tottus/product/TOTTUS/Perejil/40643100?navAction=jump&navCount=112","Perejil   
										TOTTUS","Unidad","S/ 0.79",""
"1572321439-299","https://www.tottus.com.pe/tottus/browse/Frutas-y-Verduras/11","Mundo Chino","https://www.tottus.com.pe/tottus/browse/Mundo-Chino/cat1260024","Ver todas","https://www.tottus.com.pe/tottus/browse/Ver-todas/cat1260029","","https://www.tottus.com.pe/tottus/product/LA-CASTELLANA/Esparrago-Verde/40889198?navAction=jump&navCount=12","Esparrago Verde  
										LA CASTELLANA","Atado x 250g","S/ 5.59",""
"1572321859-410","https://www.tottus.com.pe/tottus/browse/Frutas-y-Verduras/11","Verduras","https://www.tottus.com.pe/tottus/browse/Verduras/11.02","Brócoli, Apio y Hortalizas","https://www.tottus.com.pe/tottus/browse/Br%C3%B3coli,-Apio-y-Hortalizas/11.02.09","","https://www.tottus.com.pe/tottus/product/TOTTUS/Vainita-Americana/10162075?navAction=jump&navCount=242","Vainita Americana   
										TOTTUS","200g es aprox. 1 puñado","S/ 1.20","(
      S/ 5.99
    /KG)"
"1572322104-469","https://www.tottus.com.pe/tottus/browse/Frutas-y-Verduras/11","Frutas","https://www.tottus.com.pe/tottus/browse/Frutas/11.01","Papayas, Piñas y Tropicales","https://www.tottus.com.pe/tottus/browse/Papayas,-Pi%C3%B1as-y-Tropicales/11.01.09","","https://www.tottus.com.pe/tottus/product/TOTTUS/Pera-Packhams/10161865?navAction=jump&navCount=334","Pera Packhams   
										TOTTUS","600g es aprox. 4un","S/ 3.89","(
      S/ 6.49
    /KG)"
"1572321569-336","https://www.tottus.com.pe/tottus/browse/Frutas-y-Verduras/11","Más Verduras","https://www.tottus.com.pe/tottus/browse/M%C3%A1s-Verduras/11.04","Ver Todas","https://www.tottus.com.pe/tottus/browse/Ver-Todas/cat1260023","","https://www.tottus.com.pe/tottus/product/TOTTUS/Hierba-Buena/10162937?navAction=jump&navCount=82","Hierba Buena   
										TOTTUS","Unidad","S/ 1.49",""
"1572321556-332","https://www.tottus.com.pe/tottus/browse/Frutas-y-Verduras/11","Más Verduras","https://www.tottus.com.pe/tottus/browse/M%C3%A1s-Verduras/11.04","Ver Todas","https://www.tottus.com.pe/tottus/browse/Ver-Todas/cat1260023","","https://www.tottus.com.pe/tottus/product/TOTTUS/Verduras-para-Sopa-Mixta/41076353?navAction=jump&navCount=82","Verduras para Sopa Mixta  
										TOTTUS","Envase x 300g","S/ 6.49",""
"1572321895-420","https://www.tottus.com.pe/tottus/browse/Frutas-y-Verduras/11","Verduras","https://www.tottus.com.pe/tottus/browse/Verduras/11.02","Brócoli, Apio y Hortalizas","https://www.tottus.com.pe/tottus/browse/Br%C3%B3coli,-Apio-y-Hortalizas/11.02.09","","https://www.tottus.com.pe/tottus/product/TOTTUS/Beterraga/10162991?navAction=jump&navCount=242","Beterraga  
										TOTTUS","El atado contiene x 4un","S/ 2.29",""
"1572321653-358","https://www.tottus.com.pe/tottus/browse/Frutas-y-Verduras/11","Más Verduras","https://www.tottus.com.pe/tottus/browse/M%C3%A1s-Verduras/11.04","Ensaladas y Verduras Empacadas / Picadas","https://www.tottus.com.pe/tottus/browse/Ensaladas-y-Verduras-Empacadas-Picadas/11.02.07","","https://www.tottus.com.pe/tottus/product/TOTTUS/Ajos-Pelados/41076332?navAction=jump&navCount=126","Ajos Pelados  
										TOTTUS","Envase x 250g","S/ 9.89",""
"1572321940-432","https://www.tottus.com.pe/tottus/browse/Frutas-y-Verduras/11","Verduras","https://www.tottus.com.pe/tottus/browse/Verduras/11.02","Choclos, Tomates y Lechugas","https://www.tottus.com.pe/tottus/browse/Choclos,-Tomates-y-Lechugas/11.02.04","","https://www.tottus.com.pe/tottus/product/TOTTUS/Tomate-Italiano-Selecto/40350582?navAction=jump&navCount=272","Tomate Italiano Selecto  
										TOTTUS","1Kg es aprox. 8un","S/ 3.49","(
      S/ 3.49
    /KG)"
"1572321732-379","https://www.tottus.com.pe/tottus/browse/Frutas-y-Verduras/11","Verduras","https://www.tottus.com.pe/tottus/browse/Verduras/11.02","Ver Todas","https://www.tottus.com.pe/tottus/browse/Ver-Todas/11.02.01","","https://www.tottus.com.pe/tottus/product/TOTTUS/Aji-Amarillo/10164463?navAction=jump&navCount=156","Aji Amarillo  
										TOTTUS","100g es aprox. 2un","S/ 0.48","(
      S/ 4.79
    /KG)"
"1572321580-339","https://www.tottus.com.pe/tottus/browse/Frutas-y-Verduras/11","Más Verduras","https://www.tottus.com.pe/tottus/browse/M%C3%A1s-Verduras/11.04","Ver Todas","https://www.tottus.com.pe/tottus/browse/Ver-Todas/cat1260023","","https://www.tottus.com.pe/tottus/product/TOTTUS/Ajos-Pelados/41076332?navAction=jump&navCount=82","Ajos Pelados  
										TOTTUS","Envase x 250g","S/ 9.89",""
"1572321642-355","https://www.tottus.com.pe/tottus/browse/Frutas-y-Verduras/11","Más Verduras","https://www.tottus.com.pe/tottus/browse/M%C3%A1s-Verduras/11.04","Ensaladas y Verduras Empacadas / Picadas","https://www.tottus.com.pe/tottus/browse/Ensaladas-y-Verduras-Empacadas-Picadas/11.02.07","","https://www.tottus.com.pe/tottus/product/TOTTUS/Olluquito/41076347?navAction=jump&navCount=126","Olluquito  
										TOTTUS","Envase x 50g","S/ 7.99",""
"1572321604-345","https://www.tottus.com.pe/tottus/browse/Frutas-y-Verduras/11","Más Verduras","https://www.tottus.com.pe/tottus/browse/M%C3%A1s-Verduras/11.04","Hierbas Aromáticas / Infusiones","https://www.tottus.com.pe/tottus/browse/Hierbas-Arom%C3%A1ticas-Infusiones/cat1260022","","https://www.tottus.com.pe/tottus/product/TOTTUS/Huacatay/40643097?navAction=jump&navCount=112","Huacatay   
										TOTTUS","Unidad","S/ 1.59",""
"1572321504-318","https://www.tottus.com.pe/tottus/browse/Frutas-y-Verduras/11","Mundo Chino","https://www.tottus.com.pe/tottus/browse/Mundo-Chino/cat1260024","Verdura China","https://www.tottus.com.pe/tottus/browse/Verdura-China/cat1260025","","https://www.tottus.com.pe/tottus/product/TOTTUS/Ki%C3%B3n/10162911?navAction=jump&navCount=52","Kión   
										TOTTUS","Granel","S/ 1.60","(
      S/ 7.99
    /KG)"
"1572321468-308","https://www.tottus.com.pe/tottus/browse/Frutas-y-Verduras/11","Mundo Chino","https://www.tottus.com.pe/tottus/browse/Mundo-Chino/cat1260024","Ver todas","https://www.tottus.com.pe/tottus/browse/Ver-todas/cat1260029","","https://www.tottus.com.pe/tottus/product/TOTTUS/Cebolla-Roja/40643507?navAction=jump&navCount=12","Cebolla Roja  
										TOTTUS","1Kg es aprox. 4un","S/ 1.49","(
      S/ 1.49
    /KG)"
"1572321814-399","https://www.tottus.com.pe/tottus/browse/Frutas-y-Verduras/11","Verduras","https://www.tottus.com.pe/tottus/browse/Verduras/11.02","Cebollas, Ajos y otros Básicos","https://www.tottus.com.pe/tottus/browse/Cebollas,-Ajos-y-otros-B%C3%A1sicos/11.02.02","","https://www.tottus.com.pe/tottus/product/LINEA-VERDE/Cebollita-China/10465720?navAction=jump&navCount=220","Cebollita China   
										LINEA VERDE","Atado x 300g","S/ 4.79",""
"1572322031-450","https://www.tottus.com.pe/tottus/browse/Frutas-y-Verduras/11","Frutas","https://www.tottus.com.pe/tottus/browse/Frutas/11.01","Limones, Naranjas y otros Cítricos","https://www.tottus.com.pe/tottus/browse/Limones,-Naranjas-y-otros-C%C3%ADtricos/11.01.02","","https://www.tottus.com.pe/tottus/product/TOTTUS/Lim%C3%B3n-Sutil-Extra/20091740?navAction=jump&navCount=322","Limón Sutil Extra  
										TOTTUS","460g es aprox. 15un","S/ 1.15","(
      S/ 2.49
    /KG)
    
    (
      S/ 1.00
    /LT)"
"1572321807-398","https://www.tottus.com.pe/tottus/browse/Frutas-y-Verduras/11","Verduras","https://www.tottus.com.pe/tottus/browse/Verduras/11.02","Papas, Camotes y otros Tubérculos","https://www.tottus.com.pe/tottus/browse/Papas,-Camotes-y-otros-Tub%C3%A9rculos/cat1260016","","https://www.tottus.com.pe/tottus/product/TOTTUS/Papa-Amarilla-Procesada/40643614?navAction=jump&navCount=198","Papa Amarilla Procesada   
										TOTTUS","1Kg es aprox. 4un","S/ 4.99","(
      S/ 4.99
    /KG)"
"1572321450-303","https://www.tottus.com.pe/tottus/browse/Frutas-y-Verduras/11","Mundo Chino","https://www.tottus.com.pe/tottus/browse/Mundo-Chino/cat1260024","Ver todas","https://www.tottus.com.pe/tottus/browse/Ver-todas/cat1260029","","https://www.tottus.com.pe/tottus/product/TOTTUS/Pimiento-Morron/10163556?navAction=jump&navCount=12","Pimiento Morron   
										TOTTUS","300g es aprox. 2un","S/ 1.80","(
      S/ 5.99
    /KG)"
"1572321617-349","https://www.tottus.com.pe/tottus/browse/Frutas-y-Verduras/11","Más Verduras","https://www.tottus.com.pe/tottus/browse/M%C3%A1s-Verduras/11.04","Hierbas Aromáticas / Infusiones","https://www.tottus.com.pe/tottus/browse/Hierbas-Arom%C3%A1ticas-Infusiones/cat1260022","","https://www.tottus.com.pe/tottus/product/TOTTUS/Hierba-Luisa/10162945?navAction=jump&navCount=112","Hierba Luisa   
										TOTTUS","Unidad","S/ 1.19",""
"1572321803-397","https://www.tottus.com.pe/tottus/browse/Frutas-y-Verduras/11","Verduras","https://www.tottus.com.pe/tottus/browse/Verduras/11.02","Papas, Camotes y otros Tubérculos","https://www.tottus.com.pe/tottus/browse/Papas,-Camotes-y-otros-Tub%C3%A9rculos/cat1260016","","https://www.tottus.com.pe/tottus/product/TOTTUS/Papa-Rosada-Canch%C3%A1n-Procesada/40643618?navAction=jump&navCount=198","Papa Rosada Canchán Procesada  
										TOTTUS","1.5Kg es aprox. 4un","S/ 3.88","(
      S/ 2.59
    /KG)"
"1572321481-312","https://www.tottus.com.pe/tottus/browse/Frutas-y-Verduras/11","Mundo Chino","https://www.tottus.com.pe/tottus/browse/Mundo-Chino/cat1260024","Masa Wantan y Otros","https://www.tottus.com.pe/tottus/browse/Masa-Wantan-y-Otros/cat1260026","","https://www.tottus.com.pe/tottus/product/LA-PASTA/Fideos-Chinos/10223542?navAction=jump&navCount=42","Fideos Chinos  
										LA PASTA","Bolsa x 500g","S/ 3.39",""
"1572321529-326","https://www.tottus.com.pe/tottus/browse/Frutas-y-Verduras/11","Mundo Chino","https://www.tottus.com.pe/tottus/browse/Mundo-Chino/cat1260024","Verdura China","https://www.tottus.com.pe/tottus/browse/Verdura-China/cat1260025","","https://www.tottus.com.pe/tottus/product/TOTTUS/Brocoli/10164477?navAction=jump&navCount=52","Brocoli  
										TOTTUS","600g es aprox. 1un","S/ 2.99","(
      S/ 4.99
    /KG)"
"1572321680-366","https://www.tottus.com.pe/tottus/browse/Frutas-y-Verduras/11","Más Verduras","https://www.tottus.com.pe/tottus/browse/M%C3%A1s-Verduras/11.04","Ensaladas y Verduras Empacadas / Picadas","https://www.tottus.com.pe/tottus/browse/Ensaladas-y-Verduras-Empacadas-Picadas/11.02.07","","https://www.tottus.com.pe/tottus/product/TOTTUS/Arveja-Americana/10162060?navAction=jump&navCount=126","Arveja Americana   
										TOTTUS","Granel","S/ 0.60","(
      S/ 5.99
    /KG)"
"1572321633-352","https://www.tottus.com.pe/tottus/browse/Frutas-y-Verduras/11","Más Verduras","https://www.tottus.com.pe/tottus/browse/M%C3%A1s-Verduras/11.04","Ensaladas y Verduras Empacadas / Picadas","https://www.tottus.com.pe/tottus/browse/Ensaladas-y-Verduras-Empacadas-Picadas/11.02.07","","https://www.tottus.com.pe/tottus/product/TOTTUS/Verduras-para-Sopa-Mixta/41076353?navAction=jump&navCount=126","Verduras para Sopa Mixta  
										TOTTUS","Envase x 300g","S/ 6.49",""
"1572321871-413","https://www.tottus.com.pe/tottus/browse/Frutas-y-Verduras/11","Verduras","https://www.tottus.com.pe/tottus/browse/Verduras/11.02","Brócoli, Apio y Hortalizas","https://www.tottus.com.pe/tottus/browse/Br%C3%B3coli,-Apio-y-Hortalizas/11.02.09","","https://www.tottus.com.pe/tottus/product/TOTTUS/Zanahoria/40621224?navAction=jump&navCount=242","Zanahoria   
										TOTTUS","1Kg es aprox. 4un","S/ 1.99","(
      S/ 1.99
    /KG)"
"1572322140-479","https://www.tottus.com.pe/tottus/browse/Frutas-y-Verduras/11","Frutas","https://www.tottus.com.pe/tottus/browse/Frutas/11.01","Manzanas, Plátanos y otros Básicos","https://www.tottus.com.pe/tottus/browse/Manzanas,-Pl%C3%A1tanos-y-otros-B%C3%A1sicos/11.01.06","","https://www.tottus.com.pe/tottus/product/TOTTUS/Manzana-Royal-Gala-Importada/10161826?navAction=jump&navCount=364","Manzana Royal Gala Importada   
										TOTTUS","1Kg es aprox. 7un","S/ 6.99","(
      S/ 6.99
    /KG)"
"1572321487-314","https://www.tottus.com.pe/tottus/browse/Frutas-y-Verduras/11","Mundo Chino","https://www.tottus.com.pe/tottus/browse/Mundo-Chino/cat1260024","Masa Wantan y Otros","https://www.tottus.com.pe/tottus/browse/Masa-Wantan-y-Otros/cat1260026","","https://www.tottus.com.pe/tottus/product/SAN-SEN/Pasta-Wantan/10308499?navAction=jump&navCount=42","Pasta Wantan   
										SAN SEN","Bolsa x 500g","S/ 2.99",""
"1572321825-402","https://www.tottus.com.pe/tottus/browse/Frutas-y-Verduras/11","Verduras","https://www.tottus.com.pe/tottus/browse/Verduras/11.02","Cebollas, Ajos y otros Básicos","https://www.tottus.com.pe/tottus/browse/Cebollas,-Ajos-y-otros-B%C3%A1sicos/11.02.02","","https://www.tottus.com.pe/tottus/product/TOTTUS/Rocoto/10163746?navAction=jump&navCount=220","Rocoto   
										TOTTUS","Unidad","S/ 1.89",""
"1572321956-434","https://www.tottus.com.pe/tottus/browse/Frutas-y-Verduras/11","Más Frutas","https://www.tottus.com.pe/tottus/browse/M%C3%A1s-Frutas/cat1310036","Frutas importadas","https://www.tottus.com.pe/tottus/browse/Frutas-importadas/11.01.03","","https://www.tottus.com.pe/tottus/product/TOTTUS/Manzana-Royal-Gala-Importada/10161826?navAction=jump&navCount=290","Manzana Royal Gala Importada   
										TOTTUS","1Kg es aprox. 7un","S/ 6.99","(
      S/ 6.99
    /KG)"
"1572321524-324","https://www.tottus.com.pe/tottus/browse/Frutas-y-Verduras/11","Mundo Chino","https://www.tottus.com.pe/tottus/browse/Mundo-Chino/cat1260024","Verdura China","https://www.tottus.com.pe/tottus/browse/Verdura-China/cat1260025","","https://www.tottus.com.pe/tottus/product/TOTTUS/Champi%C3%B1on-Entero/41041149?navAction=jump&navCount=52","Champiñon Entero  
										TOTTUS","Envase x 200g","S/ 4.99",""
"1572321717-375","https://www.tottus.com.pe/tottus/browse/Frutas-y-Verduras/11","Verduras","https://www.tottus.com.pe/tottus/browse/Verduras/11.02","Ver Todas","https://www.tottus.com.pe/tottus/browse/Ver-Todas/11.02.01","","https://www.tottus.com.pe/tottus/product/TOTTUS/Tomate-Italiano-Selecto/40350582?navAction=jump&navCount=156","Tomate Italiano Selecto  
										TOTTUS","1Kg es aprox. 8un","S/ 3.49","(
      S/ 3.49
    /KG)"
"1572322038-452","https://www.tottus.com.pe/tottus/browse/Frutas-y-Verduras/11","Frutas","https://www.tottus.com.pe/tottus/browse/Frutas/11.01","Limones, Naranjas y otros Cítricos","https://www.tottus.com.pe/tottus/browse/Limones,-Naranjas-y-otros-C%C3%ADtricos/11.01.02","","https://www.tottus.com.pe/tottus/product/TOTTUS/Toronja-Rosada/10191827?navAction=jump&navCount=322","Toronja Rosada   
										TOTTUS","400g es aprox. 1un","S/ 1.60","(
      S/ 3.99
    /KG)"
"1572321478-311","https://www.tottus.com.pe/tottus/browse/Frutas-y-Verduras/11","Mundo Chino","https://www.tottus.com.pe/tottus/browse/Mundo-Chino/cat1260024","Masa Wantan y Otros","https://www.tottus.com.pe/tottus/browse/Masa-Wantan-y-Otros/cat1260026","","https://www.tottus.com.pe/tottus/product/LA-PASTA/Fideos-Chinos/10165922?navAction=jump&navCount=42","Fideos Chinos  
										LA PASTA","Bolsa x 1Kg","S/ 5.89",""
"1572321863-411","https://www.tottus.com.pe/tottus/browse/Frutas-y-Verduras/11","Verduras","https://www.tottus.com.pe/tottus/browse/Verduras/11.02","Brócoli, Apio y Hortalizas","https://www.tottus.com.pe/tottus/browse/Br%C3%B3coli,-Apio-y-Hortalizas/11.02.09","","https://www.tottus.com.pe/tottus/product/TOTTUS/Zapallo-Macre/10162974?navAction=jump&navCount=242","Zapallo Macre   
										TOTTUS","Granel","S/ 3.49","(
      S/ 3.49
    /KG)"
"1572321882-416","https://www.tottus.com.pe/tottus/browse/Frutas-y-Verduras/11","Verduras","https://www.tottus.com.pe/tottus/browse/Verduras/11.02","Brócoli, Apio y Hortalizas","https://www.tottus.com.pe/tottus/browse/Br%C3%B3coli,-Apio-y-Hortalizas/11.02.09","","https://www.tottus.com.pe/tottus/product/TOTTUS/Pepinillo/10163013?navAction=jump&navCount=242","Pepinillo   
										TOTTUS","500g es aprox. 1un","S/ 1.84","(
      S/ 3.69
    /KG)"
"1572322098-467","https://www.tottus.com.pe/tottus/browse/Frutas-y-Verduras/11","Frutas","https://www.tottus.com.pe/tottus/browse/Frutas/11.01","Papayas, Piñas y Tropicales","https://www.tottus.com.pe/tottus/browse/Papayas,-Pi%C3%B1as-y-Tropicales/11.01.09","","https://www.tottus.com.pe/tottus/product/TOTTUS/Mel%C3%B3n-Coquito/10162738?navAction=jump&navCount=334","Melón Coquito   
										TOTTUS","1.5Kg es aprox. 1un","S/ 6.44","(
      S/ 4.29
    /KG)"
"1572321917-425","https://www.tottus.com.pe/tottus/browse/Frutas-y-Verduras/11","Verduras","https://www.tottus.com.pe/tottus/browse/Verduras/11.02","Choclos, Tomates y Lechugas","https://www.tottus.com.pe/tottus/browse/Choclos,-Tomates-y-Lechugas/11.02.04","","https://www.tottus.com.pe/tottus/product/LINEA-VERDE/Lechuga-Roja/10471113?navAction=jump&navCount=272","Lechuga Roja  
										LINEA VERDE","Bolsa x 200g","S/ 5.29",""
"1572322064-458","https://www.tottus.com.pe/tottus/browse/Frutas-y-Verduras/11","Frutas","https://www.tottus.com.pe/tottus/browse/Frutas/11.01","Papayas, Piñas y Tropicales","https://www.tottus.com.pe/tottus/browse/Papayas,-Pi%C3%B1as-y-Tropicales/11.01.09","","https://www.tottus.com.pe/tottus/product/FRUTIFAST/Aguaymanto/40474243?navAction=jump&navCount=334","Aguaymanto  
										FRUTIFAST","Envase x 250g","S/ 5.89",""
"1572321501-317","https://www.tottus.com.pe/tottus/browse/Frutas-y-Verduras/11","Mundo Chino","https://www.tottus.com.pe/tottus/browse/Mundo-Chino/cat1260024","Verdura China","https://www.tottus.com.pe/tottus/browse/Verdura-China/cat1260025","","https://www.tottus.com.pe/tottus/product/TOTTUS/Ajos-Pelados/41076332?navAction=jump&navCount=52","Ajos Pelados  
										TOTTUS","Envase x 250g","S/ 9.89",""
"1572321900-421","https://www.tottus.com.pe/tottus/browse/Frutas-y-Verduras/11","Verduras","https://www.tottus.com.pe/tottus/browse/Verduras/11.02","Brócoli, Apio y Hortalizas","https://www.tottus.com.pe/tottus/browse/Br%C3%B3coli,-Apio-y-Hortalizas/11.02.09","","https://www.tottus.com.pe/tottus/product/TOTTUS/Apio/10162986?navAction=jump&navCount=242","Apio   
										TOTTUS","Unidad","S/ 2.29",""
"1572321878-415","https://www.tottus.com.pe/tottus/browse/Frutas-y-Verduras/11","Verduras","https://www.tottus.com.pe/tottus/browse/Verduras/11.02","Brócoli, Apio y Hortalizas","https://www.tottus.com.pe/tottus/browse/Br%C3%B3coli,-Apio-y-Hortalizas/11.02.09","","https://www.tottus.com.pe/tottus/product/TOTTUS/Pimiento-Morron/10163556?navAction=jump&navCount=242","Pimiento Morron   
										TOTTUS","300g es aprox. 2un","S/ 1.80","(
      S/ 5.99
    /KG)"
"1572321435-298","https://www.tottus.com.pe/tottus/browse/Frutas-y-Verduras/11","Mundo Chino","https://www.tottus.com.pe/tottus/browse/Mundo-Chino/cat1260024","Ver todas","https://www.tottus.com.pe/tottus/browse/Ver-todas/cat1260029","","https://www.tottus.com.pe/tottus/product/TOTTUS/Ajos-Pelados/41076332?navAction=jump&navCount=12","Ajos Pelados  
										TOTTUS","Envase x 250g","S/ 9.89",""
"1572321690-367","https://www.tottus.com.pe/tottus/browse/Frutas-y-Verduras/11","Verduras","https://www.tottus.com.pe/tottus/browse/Verduras/11.02","Ver Todas","https://www.tottus.com.pe/tottus/browse/Ver-Todas/11.02.01","","https://www.tottus.com.pe/tottus/product/TOTTUS/Lechuga-Crespa/40354154?navAction=jump&navCount=156","Lechuga Crespa   
										TOTTUS","Bolsa x 300g","S/ 2.49",""
"1572321460-306","https://www.tottus.com.pe/tottus/browse/Frutas-y-Verduras/11","Mundo Chino","https://www.tottus.com.pe/tottus/browse/Mundo-Chino/cat1260024","Ver todas","https://www.tottus.com.pe/tottus/browse/Ver-todas/cat1260029","","https://www.tottus.com.pe/tottus/product/TOTTUS/Brocoli/10164477?navAction=jump&navCount=12","Brocoli  
										TOTTUS","600g es aprox. 1un","S/ 2.99","(
      S/ 4.99
    /KG)"
"1572321650-357","https://www.tottus.com.pe/tottus/browse/Frutas-y-Verduras/11","Más Verduras","https://www.tottus.com.pe/tottus/browse/M%C3%A1s-Verduras/11.04","Ensaladas y Verduras Empacadas / Picadas","https://www.tottus.com.pe/tottus/browse/Ensaladas-y-Verduras-Empacadas-Picadas/11.02.07","","https://www.tottus.com.pe/tottus/product/VERDE-PURO/Mix-de-Lechugas/10167214?navAction=jump&navCount=126","Mix de Lechugas   
										VERDE PURO","Bolsa x 200g","S/ 5.69",""
"1572321845-407","https://www.tottus.com.pe/tottus/browse/Frutas-y-Verduras/11","Verduras","https://www.tottus.com.pe/tottus/browse/Verduras/11.02","Cebollas, Ajos y otros Básicos","https://www.tottus.com.pe/tottus/browse/Cebollas,-Ajos-y-otros-B%C3%A1sicos/11.02.02","","https://www.tottus.com.pe/tottus/product/TOTTUS/Aji-Amarillo/10164463?navAction=jump&navCount=220","Aji Amarillo  
										TOTTUS","100g es aprox. 2un","S/ 0.48","(
      S/ 4.79
    /KG)"
"1572321797-395","https://www.tottus.com.pe/tottus/browse/Frutas-y-Verduras/11","Verduras","https://www.tottus.com.pe/tottus/browse/Verduras/11.02","Papas, Camotes y otros Tubérculos","https://www.tottus.com.pe/tottus/browse/Papas,-Camotes-y-otros-Tub%C3%A9rculos/cat1260016","","https://www.tottus.com.pe/tottus/product/TOTTUS/Papa-Blanca-Yungay-Natural/10424942?navAction=jump&navCount=198","Papa Blanca Yungay Natural   
										TOTTUS","1.4Kg es aprox. 4un","S/ 3.49","(
      S/ 2.49
    /KG)"
"1572321535-328","https://www.tottus.com.pe/tottus/browse/Frutas-y-Verduras/11","Mundo Chino","https://www.tottus.com.pe/tottus/browse/Mundo-Chino/cat1260024","Verdura China","https://www.tottus.com.pe/tottus/browse/Verdura-China/cat1260025","","https://www.tottus.com.pe/tottus/product/TOTTUS/Cebolla-Roja/40643507?navAction=jump&navCount=52","Cebolla Roja  
										TOTTUS","1Kg es aprox. 4un","S/ 1.49","(
      S/ 1.49
    /KG)"
"1572322041-453","https://www.tottus.com.pe/tottus/browse/Frutas-y-Verduras/11","Frutas","https://www.tottus.com.pe/tottus/browse/Frutas/11.01","Limones, Naranjas y otros Cítricos","https://www.tottus.com.pe/tottus/browse/Limones,-Naranjas-y-otros-C%C3%ADtricos/11.01.02","","https://www.tottus.com.pe/tottus/product/TOTTUS/Lim%C3%B3n-Tahit%C3%AD/10161936?navAction=jump&navCount=322","Limón Tahití   
										TOTTUS","200g es aprox. 6un","S/ 0.80","(
      S/ 3.99
    /KG)"
"1572321833-404","https://www.tottus.com.pe/tottus/browse/Frutas-y-Verduras/11","Verduras","https://www.tottus.com.pe/tottus/browse/Verduras/11.02","Cebollas, Ajos y otros Básicos","https://www.tottus.com.pe/tottus/browse/Cebollas,-Ajos-y-otros-B%C3%A1sicos/11.02.02","","https://www.tottus.com.pe/tottus/product/TOTTUS/Cebolla-Blanca/40322855?navAction=jump&navCount=220","Cebolla Blanca   
										TOTTUS","600g es aprox. 2un","S/ 1.19","(
      S/ 1.99
    /KG)"
"1572321597-344","https://www.tottus.com.pe/tottus/browse/Frutas-y-Verduras/11","Más Verduras","https://www.tottus.com.pe/tottus/browse/M%C3%A1s-Verduras/11.04","Ver Todas","https://www.tottus.com.pe/tottus/browse/Ver-Todas/cat1260023","","https://www.tottus.com.pe/tottus/product/TOTTUS/Arveja-Americana/10162060?navAction=jump&navCount=82","Arveja Americana   
										TOTTUS","Granel","S/ 0.60","(
      S/ 5.99
    /KG)"
"1572322090-465","https://www.tottus.com.pe/tottus/browse/Frutas-y-Verduras/11","Frutas","https://www.tottus.com.pe/tottus/browse/Frutas/11.01","Papayas, Piñas y Tropicales","https://www.tottus.com.pe/tottus/browse/Papayas,-Pi%C3%B1as-y-Tropicales/11.01.09","","https://www.tottus.com.pe/tottus/product/TOTTUS/Pi%C3%B1a-Hawai%C2%A0/10162520?navAction=jump&navCount=334","Piña Hawai   
										TOTTUS","1.8Kg es aprox. 1un","S/ 3.04","(
      S/ 1.69
    /KG)"
"1572321800-396","https://www.tottus.com.pe/tottus/browse/Frutas-y-Verduras/11","Verduras","https://www.tottus.com.pe/tottus/browse/Verduras/11.02","Papas, Camotes y otros Tubérculos","https://www.tottus.com.pe/tottus/browse/Papas,-Camotes-y-otros-Tub%C3%A9rculos/cat1260016","","https://www.tottus.com.pe/tottus/product/TOTTUS/Camote-Amarillo/20002755?navAction=jump&navCount=198","Camote Amarillo  
										TOTTUS","800g es aprox. 2un","S/ 1.27","(
      S/ 1.59
    /KG)"
"1572322143-480","https://www.tottus.com.pe/tottus/browse/Frutas-y-Verduras/11","Frutas","https://www.tottus.com.pe/tottus/browse/Frutas/11.01","Manzanas, Plátanos y otros Básicos","https://www.tottus.com.pe/tottus/browse/Manzanas,-Pl%C3%A1tanos-y-otros-B%C3%A1sicos/11.01.06","","https://www.tottus.com.pe/tottus/product/TOTTUS/Manzana-Roja-Importada-Premium/40632061?navAction=jump&navCount=364","Manzana Roja Importada Premium   
										TOTTUS","1Kg es aprox. 5un","S/ 6.99","(
      S/ 6.99
    /KG)"
"1572321790-393","https://www.tottus.com.pe/tottus/browse/Frutas-y-Verduras/11","Verduras","https://www.tottus.com.pe/tottus/browse/Verduras/11.02","Papas, Camotes y otros Tubérculos","https://www.tottus.com.pe/tottus/browse/Papas,-Camotes-y-otros-Tub%C3%A9rculos/cat1260016","","https://www.tottus.com.pe/tottus/product/TOTTUS/Yuca-Amarilla/10164067?navAction=jump&navCount=198","Yuca Amarilla   
										TOTTUS","500g es aprox. 1un","S/ 1.44","(
      S/ 2.89
    /KG)"
"1572321470-309","https://www.tottus.com.pe/tottus/browse/Frutas-y-Verduras/11","Mundo Chino","https://www.tottus.com.pe/tottus/browse/Mundo-Chino/cat1260024","Ver todas","https://www.tottus.com.pe/tottus/browse/Ver-todas/cat1260029","","https://www.tottus.com.pe/tottus/product/TOTTUS/Col-China-Mitad/10164957?navAction=jump&navCount=12","Col China Mitad   
										TOTTUS","Unidad","S/ 5.49",""
"1572321930-429","https://www.tottus.com.pe/tottus/browse/Frutas-y-Verduras/11","Verduras","https://www.tottus.com.pe/tottus/browse/Verduras/11.02","Choclos, Tomates y Lechugas","https://www.tottus.com.pe/tottus/browse/Choclos,-Tomates-y-Lechugas/11.02.04","","https://www.tottus.com.pe/tottus/product/TOTTUS/Lechuga-Crespa/40354154?navAction=jump&navCount=272","Lechuga Crespa   
										TOTTUS","Bolsa x 300g","S/ 2.49",""
"1572321670-363","https://www.tottus.com.pe/tottus/browse/Frutas-y-Verduras/11","Más Verduras","https://www.tottus.com.pe/tottus/browse/M%C3%A1s-Verduras/11.04","Ensaladas y Verduras Empacadas / Picadas","https://www.tottus.com.pe/tottus/browse/Ensaladas-y-Verduras-Empacadas-Picadas/11.02.07","","https://www.tottus.com.pe/tottus/product/TOTTUS/Ensalada-Rusa/41076342?navAction=jump&navCount=126","Ensalada Rusa   
										TOTTUS","Envase x 500g","S/ 8.99",""
"1572321841-406","https://www.tottus.com.pe/tottus/browse/Frutas-y-Verduras/11","Verduras","https://www.tottus.com.pe/tottus/browse/Verduras/11.02","Cebollas, Ajos y otros Básicos","https://www.tottus.com.pe/tottus/browse/Cebollas,-Ajos-y-otros-B%C3%A1sicos/11.02.02","","https://www.tottus.com.pe/tottus/product/TOTTUS/Aji-Mirasol/10164435?navAction=jump&navCount=220","Aji Mirasol   
										TOTTUS","50g es aprox. 5un","S/ 1.09","(
      S/ 21.79
    /KG)"
"1572322130-476","https://www.tottus.com.pe/tottus/browse/Frutas-y-Verduras/11","Frutas","https://www.tottus.com.pe/tottus/browse/Frutas/11.01","Manzanas, Plátanos y otros Básicos","https://www.tottus.com.pe/tottus/browse/Manzanas,-Pl%C3%A1tanos-y-otros-B%C3%A1sicos/11.01.06","","https://www.tottus.com.pe/tottus/product/TOTTUS/Pl%C3%A1tano-Biscocho/10162544?navAction=jump&navCount=364","Plátano Biscocho  
										TOTTUS","1Kg es aprox. 10un","S/ 5.59","(
      S/ 5.59
    /KG)"
"1572322014-447","https://www.tottus.com.pe/tottus/browse/Frutas-y-Verduras/11","Frutas","https://www.tottus.com.pe/tottus/browse/Frutas/11.01","Fresas y Berries","https://www.tottus.com.pe/tottus/browse/Fresas-y-Berries/cat1310035","","https://www.tottus.com.pe/tottus/product/TOTTUS/Blueberrie-Premium/41279659?navAction=jump&navCount=300","Blueberrie Premium  
										TOTTUS","Envase x 125g","S/ 2.99",""
"1572322133-477","https://www.tottus.com.pe/tottus/browse/Frutas-y-Verduras/11","Frutas","https://www.tottus.com.pe/tottus/browse/Frutas/11.01","Manzanas, Plátanos y otros Básicos","https://www.tottus.com.pe/tottus/browse/Manzanas,-Pl%C3%A1tanos-y-otros-B%C3%A1sicos/11.01.06","","https://www.tottus.com.pe/tottus/product/TOTTUS/Pl%C3%A1tano-de-Isla/10162549?navAction=jump&navCount=364","Plátano de Isla   
										TOTTUS","Unidad","S/ 0.89",""
"1572322003-444","https://www.tottus.com.pe/tottus/browse/Frutas-y-Verduras/11","Frutas","https://www.tottus.com.pe/tottus/browse/Frutas/11.01","Fresas y Berries","https://www.tottus.com.pe/tottus/browse/Fresas-y-Berries/cat1310035","","https://www.tottus.com.pe/tottus/product/FRUTIFAST/Aguaymanto/40474243?navAction=jump&navCount=300","Aguaymanto  
										FRUTIFAST","Envase x 250g","S/ 5.89",""
"1572321673-364","https://www.tottus.com.pe/tottus/browse/Frutas-y-Verduras/11","Más Verduras","https://www.tottus.com.pe/tottus/browse/M%C3%A1s-Verduras/11.04","Ensaladas y Verduras Empacadas / Picadas","https://www.tottus.com.pe/tottus/browse/Ensaladas-y-Verduras-Empacadas-Picadas/11.02.07","","https://www.tottus.com.pe/tottus/product/TOTTUS/Ensalada-Mix-de-Lechuga/41674254?navAction=jump&navCount=126","Ensalada Mix de Lechuga  
										TOTTUS","Envase x 150g","S/ 5.70",""
"1572321558-333","https://www.tottus.com.pe/tottus/browse/Frutas-y-Verduras/11","Más Verduras","https://www.tottus.com.pe/tottus/browse/M%C3%A1s-Verduras/11.04","Ver Todas","https://www.tottus.com.pe/tottus/browse/Ver-Todas/cat1260023","","https://www.tottus.com.pe/tottus/product/TOTTUS/Olluquito/41076347?navAction=jump&navCount=82","Olluquito  
										TOTTUS","Envase x 50g","S/ 7.99",""
"1572321611-347","https://www.tottus.com.pe/tottus/browse/Frutas-y-Verduras/11","Más Verduras","https://www.tottus.com.pe/tottus/browse/M%C3%A1s-Verduras/11.04","Hierbas Aromáticas / Infusiones","https://www.tottus.com.pe/tottus/browse/Hierbas-Arom%C3%A1ticas-Infusiones/cat1260022","","https://www.tottus.com.pe/tottus/product/TOTTUS/Hierba-Buena/10162937?navAction=jump&navCount=112","Hierba Buena   
										TOTTUS","Unidad","S/ 1.49",""
"1572321818-400","https://www.tottus.com.pe/tottus/browse/Frutas-y-Verduras/11","Verduras","https://www.tottus.com.pe/tottus/browse/Verduras/11.02","Cebollas, Ajos y otros Básicos","https://www.tottus.com.pe/tottus/browse/Cebollas,-Ajos-y-otros-B%C3%A1sicos/11.02.02","","https://www.tottus.com.pe/tottus/product/LINEA-VERDE/Cebollita-Baby/20036003?navAction=jump&navCount=220","Cebollita Baby  
										LINEA VERDE","Envase x 250g","S/ 6.69",""
"1572322149-482","https://www.tottus.com.pe/tottus/browse/Frutas-y-Verduras/11","Frutas","https://www.tottus.com.pe/tottus/browse/Frutas/11.01","Manzanas, Plátanos y otros Básicos","https://www.tottus.com.pe/tottus/browse/Manzanas,-Pl%C3%A1tanos-y-otros-B%C3%A1sicos/11.01.06","","https://www.tottus.com.pe/tottus/product/TOTTUS/Pera-Packhams/10161865?navAction=jump&navCount=364","Pera Packhams   
										TOTTUS","600g es aprox. 4un","S/ 3.89","(
      S/ 6.49
    /KG)"
"1572321676-365","https://www.tottus.com.pe/tottus/browse/Frutas-y-Verduras/11","Más Verduras","https://www.tottus.com.pe/tottus/browse/M%C3%A1s-Verduras/11.04","Ensaladas y Verduras Empacadas / Picadas","https://www.tottus.com.pe/tottus/browse/Ensaladas-y-Verduras-Empacadas-Picadas/11.02.07","","https://www.tottus.com.pe/tottus/product/TOTTUS/Arverjita/41076334?navAction=jump&navCount=126","Arverjita   
										TOTTUS","Envase x 200g","S/ 6.99",""
"1572322124-474","https://www.tottus.com.pe/tottus/browse/Frutas-y-Verduras/11","Frutas","https://www.tottus.com.pe/tottus/browse/Frutas/11.01","Manzanas, Plátanos y otros Básicos","https://www.tottus.com.pe/tottus/browse/Manzanas,-Pl%C3%A1tanos-y-otros-B%C3%A1sicos/11.01.06","","https://www.tottus.com.pe/tottus/product/TOTTUS/Manzana-Delicia/10160808?navAction=jump&navCount=364","Manzana Delicia   
										TOTTUS","570g es aprox. 5un","S/ 1.88","(
      S/ 3.29
    /KG)"
"1572321995-442","https://www.tottus.com.pe/tottus/browse/Frutas-y-Verduras/11","Frutas","https://www.tottus.com.pe/tottus/browse/Frutas/11.01","Fresas y Berries","https://www.tottus.com.pe/tottus/browse/Fresas-y-Berries/cat1310035","","https://www.tottus.com.pe/tottus/product/TOTTUS/Aguaymanto/40955203?navAction=jump&navCount=300","Aguaymanto  
										TOTTUS","Envase x 250g","S/ 5.69",""
"1572321848-408","https://www.tottus.com.pe/tottus/browse/Frutas-y-Verduras/11","Verduras","https://www.tottus.com.pe/tottus/browse/Verduras/11.02","Cebollas, Ajos y otros Básicos","https://www.tottus.com.pe/tottus/browse/Cebollas,-Ajos-y-otros-B%C3%A1sicos/11.02.02","","https://www.tottus.com.pe/tottus/product/TOTTUS/Aji-Limo/10164432?navAction=jump&navCount=220","Aji Limo   
										TOTTUS","50g es aprox. 2un","S/ 0.50","(
      S/ 9.99
    /KG)"
"1572321772-388","https://www.tottus.com.pe/tottus/browse/Frutas-y-Verduras/11","Verduras","https://www.tottus.com.pe/tottus/browse/Verduras/11.02","Papas, Camotes y otros Tubérculos","https://www.tottus.com.pe/tottus/browse/Papas,-Camotes-y-otros-Tub%C3%A9rculos/cat1260016","","https://www.tottus.com.pe/tottus/product/TOTTUS/Papa-Perricholi-Procesada/10164150?navAction=jump&navCount=198","Papa Perricholi Procesada   
										TOTTUS","1Kg es aprox. 4un","S/ 3.59","(
      S/ 3.59
    /KG)"
"1572321693-368","https://www.tottus.com.pe/tottus/browse/Frutas-y-Verduras/11","Verduras","https://www.tottus.com.pe/tottus/browse/Verduras/11.02","Ver Todas","https://www.tottus.com.pe/tottus/browse/Ver-Todas/11.02.01","","https://www.tottus.com.pe/tottus/product/TOTTUS/Lechuga-Americana/10163014?navAction=jump&navCount=156","Lechuga Americana   
										TOTTUS","Unidad","S/ 1.99",""
"1572321493-315","https://www.tottus.com.pe/tottus/browse/Frutas-y-Verduras/11","Mundo Chino","https://www.tottus.com.pe/tottus/browse/Mundo-Chino/cat1260024","Verdura China","https://www.tottus.com.pe/tottus/browse/Verdura-China/cat1260025","","https://www.tottus.com.pe/tottus/product/TOTTUS/Jo-Lan-Tau/10164303?navAction=jump&navCount=52","Jo Lan Tau  
										TOTTUS","Granel","S/ 4.47","(
      S/ 14.89
    /KG)"
"1572321614-348","https://www.tottus.com.pe/tottus/browse/Frutas-y-Verduras/11","Más Verduras","https://www.tottus.com.pe/tottus/browse/M%C3%A1s-Verduras/11.04","Hierbas Aromáticas / Infusiones","https://www.tottus.com.pe/tottus/browse/Hierbas-Arom%C3%A1ticas-Infusiones/cat1260022","","https://www.tottus.com.pe/tottus/product/TOTTUS/Culantro/40643098?navAction=jump&navCount=112","Culantro   
										TOTTUS","Atado","S/ 0.89",""
"1572321921-426","https://www.tottus.com.pe/tottus/browse/Frutas-y-Verduras/11","Verduras","https://www.tottus.com.pe/tottus/browse/Verduras/11.02","Choclos, Tomates y Lechugas","https://www.tottus.com.pe/tottus/browse/Choclos,-Tomates-y-Lechugas/11.02.04","","https://www.tottus.com.pe/tottus/product/VERDE-PURO/Lechuga-Romana/20062753?navAction=jump&navCount=272","Lechuga Romana  
										VERDE PURO","Bolsa","S/ 3.99",""
"1572321625-351","https://www.tottus.com.pe/tottus/browse/Frutas-y-Verduras/11","Más Verduras","https://www.tottus.com.pe/tottus/browse/M%C3%A1s-Verduras/11.04","Hierbas Aromáticas / Infusiones","https://www.tottus.com.pe/tottus/browse/Hierbas-Arom%C3%A1ticas-Infusiones/cat1260022","","https://www.tottus.com.pe/tottus/product/TOTTUS/Albahaca/40643099?navAction=jump&navCount=112","Albahaca  
										TOTTUS","Atado","S/ 1.99",""
"1572321867-412","https://www.tottus.com.pe/tottus/browse/Frutas-y-Verduras/11","Verduras","https://www.tottus.com.pe/tottus/browse/Verduras/11.02","Brócoli, Apio y Hortalizas","https://www.tottus.com.pe/tottus/browse/Br%C3%B3coli,-Apio-y-Hortalizas/11.02.09","","https://www.tottus.com.pe/tottus/product/TOTTUS/Zapallo-Italiano/10162967?navAction=jump&navCount=242","Zapallo Italiano   
										TOTTUS","Unidad","S/ 2.39",""
"1572322086-464","https://www.tottus.com.pe/tottus/browse/Frutas-y-Verduras/11","Frutas","https://www.tottus.com.pe/tottus/browse/Frutas/11.01","Papayas, Piñas y Tropicales","https://www.tottus.com.pe/tottus/browse/Papayas,-Pi%C3%B1as-y-Tropicales/11.01.09","","https://www.tottus.com.pe/tottus/product/TOTTUS/Sand%C3%ADa-Rayada/10162762?navAction=jump&navCount=334","Sandía Rayada  
										TOTTUS","5Kg es aprox. 1/2 sandia","S/ 9.95","(
      S/ 1.99
    /KG)"
"1572321851-409","https://www.tottus.com.pe/tottus/browse/Frutas-y-Verduras/11","Verduras","https://www.tottus.com.pe/tottus/browse/Verduras/11.02","Cebollas, Ajos y otros Básicos","https://www.tottus.com.pe/tottus/browse/Cebollas,-Ajos-y-otros-B%C3%A1sicos/11.02.02","","https://www.tottus.com.pe/tottus/product/TOTTUS/Aji-Panca/10164456?navAction=jump&navCount=220","Aji Panca  
										TOTTUS","50g es aprox. 5un","S/ 1.50","(
      S/ 29.99
    /KG)"
"1572322147-481","https://www.tottus.com.pe/tottus/browse/Frutas-y-Verduras/11","Frutas","https://www.tottus.com.pe/tottus/browse/Frutas/11.01","Manzanas, Plátanos y otros Básicos","https://www.tottus.com.pe/tottus/browse/Manzanas,-Pl%C3%A1tanos-y-otros-B%C3%A1sicos/11.01.06","","https://www.tottus.com.pe/tottus/product/TOTTUS/Manzana-Granny-Smith-Importada/10161782?navAction=jump&navCount=364","Manzana Granny Smith Importada   
										TOTTUS","600g es aprox. 4un","S/ 4.49","(
      S/ 7.49
    /KG)"
"1572321892-419","https://www.tottus.com.pe/tottus/browse/Frutas-y-Verduras/11","Verduras","https://www.tottus.com.pe/tottus/browse/Verduras/11.02","Brócoli, Apio y Hortalizas","https://www.tottus.com.pe/tottus/browse/Br%C3%B3coli,-Apio-y-Hortalizas/11.02.09","","https://www.tottus.com.pe/tottus/product/TOTTUS/Brocoli/10164477?navAction=jump&navCount=242","Brocoli  
										TOTTUS","600g es aprox. 1un","S/ 2.99","(
      S/ 4.99
    /KG)"
"1572321700-370","https://www.tottus.com.pe/tottus/browse/Frutas-y-Verduras/11","Verduras","https://www.tottus.com.pe/tottus/browse/Verduras/11.02","Ver Todas","https://www.tottus.com.pe/tottus/browse/Ver-Todas/11.02.01","","https://www.tottus.com.pe/tottus/product/TOTTUS/Champi%C3%B1on-Entero/41041149?navAction=jump&navCount=156","Champiñon Entero  
										TOTTUS","Envase x 200g","S/ 4.99",""
"1572321663-361","https://www.tottus.com.pe/tottus/browse/Frutas-y-Verduras/11","Más Verduras","https://www.tottus.com.pe/tottus/browse/M%C3%A1s-Verduras/11.04","Ensaladas y Verduras Empacadas / Picadas","https://www.tottus.com.pe/tottus/browse/Ensaladas-y-Verduras-Empacadas-Picadas/11.02.07","","https://www.tottus.com.pe/tottus/product/TOTTUS/Ensalada-Mixta/41076341?navAction=jump&navCount=126","Ensalada Mixta   
										TOTTUS","Envase x 500g","S/ 8.49",""
"1572321927-428","https://www.tottus.com.pe/tottus/browse/Frutas-y-Verduras/11","Verduras","https://www.tottus.com.pe/tottus/browse/Verduras/11.02","Choclos, Tomates y Lechugas","https://www.tottus.com.pe/tottus/browse/Choclos,-Tomates-y-Lechugas/11.02.04","","https://www.tottus.com.pe/tottus/product/TOTTUS/Ma%C3%ADz-Morado/40322854?navAction=jump&navCount=272","Maíz Morado  
										TOTTUS","1Kg es aprox. 6un","S/ 7.99","(
      S/ 7.99
    /KG)"
"1572322083-463","https://www.tottus.com.pe/tottus/browse/Frutas-y-Verduras/11","Frutas","https://www.tottus.com.pe/tottus/browse/Frutas/11.01","Papayas, Piñas y Tropicales","https://www.tottus.com.pe/tottus/browse/Papayas,-Pi%C3%B1as-y-Tropicales/11.01.09","","https://www.tottus.com.pe/tottus/product/TOTTUS/Maracuy%C3%A1/10162612?navAction=jump&navCount=334","Maracuyá  
										TOTTUS","1Kg es aprox. 5un","S/ 2.99","(
      S/ 2.99
    /KG)"
"1572321735-380","https://www.tottus.com.pe/tottus/browse/Frutas-y-Verduras/11","Verduras","https://www.tottus.com.pe/tottus/browse/Verduras/11.02","Ver Todas","https://www.tottus.com.pe/tottus/browse/Ver-Todas/11.02.01","","https://www.tottus.com.pe/tottus/product/TOTTUS/Aji-Limo/10164432?navAction=jump&navCount=156","Aji Limo   
										TOTTUS","50g es aprox. 2un","S/ 0.50","(
      S/ 9.99
    /KG)"
"1572321714-374","https://www.tottus.com.pe/tottus/browse/Frutas-y-Verduras/11","Verduras","https://www.tottus.com.pe/tottus/browse/Verduras/11.02","Ver Todas","https://www.tottus.com.pe/tottus/browse/Ver-Todas/11.02.01","","https://www.tottus.com.pe/tottus/product/TOTTUS/Cebolla-Roja/40643507?navAction=jump&navCount=156","Cebolla Roja  
										TOTTUS","1Kg es aprox. 4un","S/ 1.49","(
      S/ 1.49
    /KG)"
"1572321476-310","https://www.tottus.com.pe/tottus/browse/Frutas-y-Verduras/11","Mundo Chino","https://www.tottus.com.pe/tottus/browse/Mundo-Chino/cat1260024","Masa Wantan y Otros","https://www.tottus.com.pe/tottus/browse/Masa-Wantan-y-Otros/cat1260026","","https://www.tottus.com.pe/tottus/product/SAN-SEN/Fideos-Chinos/10308498?navAction=jump&navCount=42","Fideos Chinos  
										SAN SEN","Bolsa x 500g","S/ 2.99",""
"1572322093-466","https://www.tottus.com.pe/tottus/browse/Frutas-y-Verduras/11","Frutas","https://www.tottus.com.pe/tottus/browse/Frutas/11.01","Papayas, Piñas y Tropicales","https://www.tottus.com.pe/tottus/browse/Papayas,-Pi%C3%B1as-y-Tropicales/11.01.09","","https://www.tottus.com.pe/tottus/product/TOTTUS/Pi%C3%B1a-Golden/10184083?navAction=jump&navCount=334","Piña Golden   
										TOTTUS","2Kg es aprox. 1un","S/ 9.18","(
      S/ 4.59
    /KG)"
"1572321710-373","https://www.tottus.com.pe/tottus/browse/Frutas-y-Verduras/11","Verduras","https://www.tottus.com.pe/tottus/browse/Verduras/11.02","Ver Todas","https://www.tottus.com.pe/tottus/browse/Ver-Todas/11.02.01","","https://www.tottus.com.pe/tottus/product/TOTTUS/Camote-Amarillo/20002755?navAction=jump&navCount=156","Camote Amarillo  
										TOTTUS","800g es aprox. 2un","S/ 1.27","(
      S/ 1.59
    /KG)"
"1572322056-456","https://www.tottus.com.pe/tottus/browse/Frutas-y-Verduras/11","Frutas","https://www.tottus.com.pe/tottus/browse/Frutas/11.01","Papayas, Piñas y Tropicales","https://www.tottus.com.pe/tottus/browse/Papayas,-Pi%C3%B1as-y-Tropicales/11.01.09","","https://www.tottus.com.pe/tottus/product/EL-HUERTO/Mix-Berries-Aguaymanto-y-Blueberrie/41231059?navAction=jump&navCount=334","Mix Berries Aguaymanto y Blueberrie  
										EL HUERTO","Envase x 300g","S/ 9.99",""
"1572322127-475","https://www.tottus.com.pe/tottus/browse/Frutas-y-Verduras/11","Frutas","https://www.tottus.com.pe/tottus/browse/Frutas/11.01","Manzanas, Plátanos y otros Básicos","https://www.tottus.com.pe/tottus/browse/Manzanas,-Pl%C3%A1tanos-y-otros-B%C3%A1sicos/11.01.06","","https://www.tottus.com.pe/tottus/product/TOTTUS/Tuna-Verde/10162777?navAction=jump&navCount=364","Tuna Verde  
										TOTTUS","700g es aprox. 4un","S/ 5.59","(
      S/ 7.99
    /KG)"
"1572321576-338","https://www.tottus.com.pe/tottus/browse/Frutas-y-Verduras/11","Más Verduras","https://www.tottus.com.pe/tottus/browse/M%C3%A1s-Verduras/11.04","Ver Todas","https://www.tottus.com.pe/tottus/browse/Ver-Todas/cat1260023","","https://www.tottus.com.pe/tottus/product/TOTTUS/Hierba-Luisa/10162945?navAction=jump&navCount=82","Hierba Luisa   
										TOTTUS","Unidad","S/ 1.19",""
"1572321758-385","https://www.tottus.com.pe/tottus/browse/Frutas-y-Verduras/11","Verduras","https://www.tottus.com.pe/tottus/browse/Verduras/11.02","Setas y Hongos","https://www.tottus.com.pe/tottus/browse/Setas-y-Hongos/cat1260020","","https://www.tottus.com.pe/tottus/product/PACCU/Champi%C3%B1on-Picado/10399391?navAction=jump&navCount=188","Champiñon Picado  
										PACCU","Envase x 200g","S/ 5.99",""
"1572321512-320","https://www.tottus.com.pe/tottus/browse/Frutas-y-Verduras/11","Mundo Chino","https://www.tottus.com.pe/tottus/browse/Mundo-Chino/cat1260024","Verdura China","https://www.tottus.com.pe/tottus/browse/Verdura-China/cat1260025","","https://www.tottus.com.pe/tottus/product/TOTTUS/Nabo/10163993?navAction=jump&navCount=52","Nabo   
										TOTTUS","Unidad","S/ 1.19",""
"1572321739-381","https://www.tottus.com.pe/tottus/browse/Frutas-y-Verduras/11","Verduras","https://www.tottus.com.pe/tottus/browse/Verduras/11.02","Ver Todas","https://www.tottus.com.pe/tottus/browse/Ver-Todas/11.02.01","","https://www.tottus.com.pe/tottus/product/TOTTUS/Aji-Panca/10164456?navAction=jump&navCount=156","Aji Panca  
										TOTTUS","50g es aprox. 5un","S/ 1.50","(
      S/ 29.99
    /KG)"
"1572321744-382","https://www.tottus.com.pe/tottus/browse/Frutas-y-Verduras/11","Verduras","https://www.tottus.com.pe/tottus/browse/Verduras/11.02","Paltas y Derivados","https://www.tottus.com.pe/tottus/browse/Paltas-y-Derivados/11.01.08","","https://www.tottus.com.pe/tottus/product/TOTTUS/Palta-Madura-(Consumo-en-el-D%C3%ADa)/10184084?navAction=jump&navCount=186","Palta Madura (Consumo en el Día)  
										TOTTUS","600g es aprox. 2un","S/ 9.23","(
      S/ 15.39
    /KG)"
"1572321885-417","https://www.tottus.com.pe/tottus/browse/Frutas-y-Verduras/11","Verduras","https://www.tottus.com.pe/tottus/browse/Verduras/11.02","Brócoli, Apio y Hortalizas","https://www.tottus.com.pe/tottus/browse/Br%C3%B3coli,-Apio-y-Hortalizas/11.02.09","","https://www.tottus.com.pe/tottus/product/TOTTUS/Espinaca/10164401?navAction=jump&navCount=242","Espinaca   
										TOTTUS","400g es aprox. 1 bolsa","S/ 2.20","(
      S/ 5.49
    /KG)"
"1572321937-431","https://www.tottus.com.pe/tottus/browse/Frutas-y-Verduras/11","Verduras","https://www.tottus.com.pe/tottus/browse/Verduras/11.02","Choclos, Tomates y Lechugas","https://www.tottus.com.pe/tottus/browse/Choclos,-Tomates-y-Lechugas/11.02.04","","https://www.tottus.com.pe/tottus/product/TOTTUS/Choclo-Serrano-Selecto/40349477?navAction=jump&navCount=272","Choclo Serrano Selecto   
										TOTTUS","Unidad","S/ 1.99",""
"1572321764-387","https://www.tottus.com.pe/tottus/browse/Frutas-y-Verduras/11","Verduras","https://www.tottus.com.pe/tottus/browse/Verduras/11.02","Setas y Hongos","https://www.tottus.com.pe/tottus/browse/Setas-y-Hongos/cat1260020","","https://www.tottus.com.pe/tottus/product/PACCU/Champi%C3%B1on-Entero/10399262?navAction=jump&navCount=188","Champiñon Entero  
										PACCU","Envase x 200g","S/ 5.99",""
"1572321549-330","https://www.tottus.com.pe/tottus/browse/Frutas-y-Verduras/11","Más Verduras","https://www.tottus.com.pe/tottus/browse/M%C3%A1s-Verduras/11.04","Ver Todas","https://www.tottus.com.pe/tottus/browse/Ver-Todas/cat1260023","","https://www.tottus.com.pe/tottus/product/TOTTUS/Verduras-para-Sopa-de-Verduras/41076351?navAction=jump&navCount=82","Verduras para Sopa de Verduras   
										TOTTUS","Envase x 300g","S/ 5.99",""
"1572322024-449","https://www.tottus.com.pe/tottus/browse/Frutas-y-Verduras/11","Frutas","https://www.tottus.com.pe/tottus/browse/Frutas/11.01","Paltas y Derivados","https://www.tottus.com.pe/tottus/browse/Paltas-y-Derivados/cat1260041","","https://www.tottus.com.pe/tottus/product/TOTTUS/Palta-Madura-(Consumo-en-el-D%C3%ADa)/10184084?navAction=jump&navCount=320","Palta Madura (Consumo en el Día)  
										TOTTUS","600g es aprox. 2un","S/ 9.23","(
      S/ 15.39
    /KG)"
"1572321963-436","https://www.tottus.com.pe/tottus/browse/Frutas-y-Verduras/11","Más Frutas","https://www.tottus.com.pe/tottus/browse/M%C3%A1s-Frutas/cat1310036","Frutas importadas","https://www.tottus.com.pe/tottus/browse/Frutas-importadas/11.01.03","","https://www.tottus.com.pe/tottus/product/TOTTUS/Manzana-Granny-Smith-Importada/10161782?navAction=jump&navCount=290","Manzana Granny Smith Importada   
										TOTTUS","600g es aprox. 4un","S/ 4.49","(
      S/ 7.49
    /KG)"
"1572321426-295","https://www.tottus.com.pe/tottus/browse/Frutas-y-Verduras/11","Mundo Chino","https://www.tottus.com.pe/tottus/browse/Mundo-Chino/cat1260024","Ver todas","https://www.tottus.com.pe/tottus/browse/Ver-todas/cat1260029","","https://www.tottus.com.pe/tottus/product/TOTTUS/Frijol-Chino/10164962?navAction=jump&navCount=12","Frijol Chino   
										TOTTUS","200g es aprox. 1 puñado","S/ 1.20","(
      S/ 5.99
    /KG)"
"1572321448-302","https://www.tottus.com.pe/tottus/browse/Frutas-y-Verduras/11","Mundo Chino","https://www.tottus.com.pe/tottus/browse/Mundo-Chino/cat1260024","Ver todas","https://www.tottus.com.pe/tottus/browse/Ver-todas/cat1260029","","https://www.tottus.com.pe/tottus/product/TOTTUS/Ajo-Entero-sin-Pelar/10162009?navAction=jump&navCount=12","Ajo Entero sin Pelar  
										TOTTUS","70g es aprox. 2un","S/ 0.91","(
      S/ 12.99
    /KG)"
"1572322017-448","https://www.tottus.com.pe/tottus/browse/Frutas-y-Verduras/11","Frutas","https://www.tottus.com.pe/tottus/browse/Frutas/11.01","Fresas y Berries","https://www.tottus.com.pe/tottus/browse/Fresas-y-Berries/cat1310035","","https://www.tottus.com.pe/tottus/product/TOTTUS/Blueberrie-Premium/41807558?navAction=jump&navCount=300","Blueberrie Premium  
										TOTTUS","Envase x 500g","S/ 11.99",""
"1572321573-337","https://www.tottus.com.pe/tottus/browse/Frutas-y-Verduras/11","Más Verduras","https://www.tottus.com.pe/tottus/browse/M%C3%A1s-Verduras/11.04","Ver Todas","https://www.tottus.com.pe/tottus/browse/Ver-Todas/cat1260023","","https://www.tottus.com.pe/tottus/product/TOTTUS/Culantro/40643098?navAction=jump&navCount=82","Culantro   
										TOTTUS","Atado","S/ 0.89",""
"1572321565-335","https://www.tottus.com.pe/tottus/browse/Frutas-y-Verduras/11","Más Verduras","https://www.tottus.com.pe/tottus/browse/M%C3%A1s-Verduras/11.04","Ver Todas","https://www.tottus.com.pe/tottus/browse/Ver-Todas/cat1260023","","https://www.tottus.com.pe/tottus/product/VERDE-PURO/Mix-de-Lechugas/10167214?navAction=jump&navCount=82","Mix de Lechugas   
										VERDE PURO","Bolsa x 200g","S/ 5.69",""
"1572321429-296","https://www.tottus.com.pe/tottus/browse/Frutas-y-Verduras/11","Mundo Chino","https://www.tottus.com.pe/tottus/browse/Mundo-Chino/cat1260024","Ver todas","https://www.tottus.com.pe/tottus/browse/Ver-todas/cat1260029","","https://www.tottus.com.pe/tottus/product/LA-PASTA/Pasta-Wantan/10165914?navAction=jump&navCount=12","Pasta Wantan   
										LA PASTA","Bolsa x 500g","S/ 2.99",""
"1572321999-443","https://www.tottus.com.pe/tottus/browse/Frutas-y-Verduras/11","Frutas","https://www.tottus.com.pe/tottus/browse/Frutas/11.01","Fresas y Berries","https://www.tottus.com.pe/tottus/browse/Fresas-y-Berries/cat1310035","","https://www.tottus.com.pe/tottus/product/EL-HUERTO/Mix-Berries-Aguaymanto-y-Blueberrie/41231059?navAction=jump&navCount=300","Mix Berries Aguaymanto y Blueberrie  
										EL HUERTO","Envase x 300g","S/ 9.99",""
"1572321786-392","https://www.tottus.com.pe/tottus/browse/Frutas-y-Verduras/11","Verduras","https://www.tottus.com.pe/tottus/browse/Verduras/11.02","Papas, Camotes y otros Tubérculos","https://www.tottus.com.pe/tottus/browse/Papas,-Camotes-y-otros-Tub%C3%A9rculos/cat1260016","","https://www.tottus.com.pe/tottus/product/TOTTUS/Papa-Cocktail/10164155?navAction=jump&navCount=198","Papa Cocktail   
										TOTTUS","1.6Kg es aprox. 1 malla","S/ 3.98","(
      S/ 2.49
    /KG)"
"1572321636-353","https://www.tottus.com.pe/tottus/browse/Frutas-y-Verduras/11","Más Verduras","https://www.tottus.com.pe/tottus/browse/M%C3%A1s-Verduras/11.04","Ensaladas y Verduras Empacadas / Picadas","https://www.tottus.com.pe/tottus/browse/Ensaladas-y-Verduras-Empacadas-Picadas/11.02.07","","https://www.tottus.com.pe/tottus/product/TOTTUS/Verduras-para-Sopa-de-Verduras/41076352?navAction=jump&navCount=126","Verduras para Sopa de Verduras  
										TOTTUS","Envase x 600g","S/ 8.99",""
"1572322010-446","https://www.tottus.com.pe/tottus/browse/Frutas-y-Verduras/11","Frutas","https://www.tottus.com.pe/tottus/browse/Frutas/11.01","Fresas y Berries","https://www.tottus.com.pe/tottus/browse/Fresas-y-Berries/cat1310035","","https://www.tottus.com.pe/tottus/product/TOTTUS/Fresas-Empacadas/40744165?navAction=jump&navCount=300","Fresas Empacadas  
										TOTTUS","Envase x 550g","S/ 7.99",""
"1572321593-343","https://www.tottus.com.pe/tottus/browse/Frutas-y-Verduras/11","Más Verduras","https://www.tottus.com.pe/tottus/browse/M%C3%A1s-Verduras/11.04","Ver Todas","https://www.tottus.com.pe/tottus/browse/Ver-Todas/cat1260023","","https://www.tottus.com.pe/tottus/product/TOTTUS/Ensalada-Personal/41304854?navAction=jump&navCount=82","Ensalada Personal  
										TOTTUS","Envase x 140g","S/ 6.69",""
"1572321538-329","https://www.tottus.com.pe/tottus/browse/Frutas-y-Verduras/11","Mundo Chino","https://www.tottus.com.pe/tottus/browse/Mundo-Chino/cat1260024","Verdura China","https://www.tottus.com.pe/tottus/browse/Verdura-China/cat1260025","","https://www.tottus.com.pe/tottus/product/TOTTUS/Col-China-Mitad/10164957?navAction=jump&navCount=52","Col China Mitad   
										TOTTUS","Unidad","S/ 5.49",""
"1572321464-307","https://www.tottus.com.pe/tottus/browse/Frutas-y-Verduras/11","Mundo Chino","https://www.tottus.com.pe/tottus/browse/Mundo-Chino/cat1260024","Ver todas","https://www.tottus.com.pe/tottus/browse/Ver-todas/cat1260029","","https://www.tottus.com.pe/tottus/product/TOTTUS/Apio/10162986?navAction=jump&navCount=12","Apio   
										TOTTUS","Unidad","S/ 2.29",""
"1572321988-440","https://www.tottus.com.pe/tottus/browse/Frutas-y-Verduras/11","Frutas","https://www.tottus.com.pe/tottus/browse/Frutas/11.01","Fresas y Berries","https://www.tottus.com.pe/tottus/browse/Fresas-y-Berries/cat1310035","","https://www.tottus.com.pe/tottus/product/EL-HUERTO/Mix-Berries-Frambuesa-y-Bluberrie/41231058?navAction=jump&navCount=300","Mix Berries Frambuesa y Bluberrie  
										EL HUERTO","Envase x 100g","S/ 7.99",""
"1572321697-369","https://www.tottus.com.pe/tottus/browse/Frutas-y-Verduras/11","Verduras","https://www.tottus.com.pe/tottus/browse/Verduras/11.02","Ver Todas","https://www.tottus.com.pe/tottus/browse/Ver-Todas/11.02.01","","https://www.tottus.com.pe/tottus/product/TOTTUS/Choclo-Serrano-Selecto/40349477?navAction=jump&navCount=156","Choclo Serrano Selecto   
										TOTTUS","Unidad","S/ 1.99",""
"1572321706-372","https://www.tottus.com.pe/tottus/browse/Frutas-y-Verduras/11","Verduras","https://www.tottus.com.pe/tottus/browse/Verduras/11.02","Ver Todas","https://www.tottus.com.pe/tottus/browse/Ver-Todas/11.02.01","","https://www.tottus.com.pe/tottus/product/TOTTUS/Cebolla-Blanca/40322855?navAction=jump&navCount=156","Cebolla Blanca   
										TOTTUS","600g es aprox. 2un","S/ 1.19","(
      S/ 1.99
    /KG)"
"1572321889-418","https://www.tottus.com.pe/tottus/browse/Frutas-y-Verduras/11","Verduras","https://www.tottus.com.pe/tottus/browse/Verduras/11.02","Brócoli, Apio y Hortalizas","https://www.tottus.com.pe/tottus/browse/Br%C3%B3coli,-Apio-y-Hortalizas/11.02.09","","https://www.tottus.com.pe/tottus/product/TOTTUS/Caihua/10162998?navAction=jump&navCount=242","Caihua   
										TOTTUS","Unidad","S/ 0.89",""
"1572321552-331","https://www.tottus.com.pe/tottus/browse/Frutas-y-Verduras/11","Más Verduras","https://www.tottus.com.pe/tottus/browse/M%C3%A1s-Verduras/11.04","Ver Todas","https://www.tottus.com.pe/tottus/browse/Ver-Todas/cat1260023","","https://www.tottus.com.pe/tottus/product/LINEA-VERDE/Salad-Mix-Primavera/20046331?navAction=jump&navCount=82","Salad Mix Primavera   
										LINEA VERDE","Envase x 200g","S/ 8.69",""
"1572321703-371","https://www.tottus.com.pe/tottus/browse/Frutas-y-Verduras/11","Verduras","https://www.tottus.com.pe/tottus/browse/Verduras/11.02","Ver Todas","https://www.tottus.com.pe/tottus/browse/Ver-Todas/11.02.01","","https://www.tottus.com.pe/tottus/product/PACCU/Champi%C3%B1on-Entero/10399262?navAction=jump&navCount=156","Champiñon Entero  
										PACCU","Envase x 200g","S/ 5.99",""
"1572322152-483","https://www.tottus.com.pe/tottus/browse/Frutas-y-Verduras/11","Frutas","https://www.tottus.com.pe/tottus/browse/Frutas/11.01","Manzanas, Plátanos y otros Básicos","https://www.tottus.com.pe/tottus/browse/Manzanas,-Pl%C3%A1tanos-y-otros-B%C3%A1sicos/11.01.06","","https://www.tottus.com.pe/tottus/product/TOTTUS/Durazno-Premium/40632063?navAction=jump&navCount=364","Durazno Premium  
										TOTTUS","500g es aprox. 4un","S/ 5.50","(
      S/ 10.99
    /KG)"
"1572322075-461","https://www.tottus.com.pe/tottus/browse/Frutas-y-Verduras/11","Frutas","https://www.tottus.com.pe/tottus/browse/Frutas/11.01","Papayas, Piñas y Tropicales","https://www.tottus.com.pe/tottus/browse/Papayas,-Pi%C3%B1as-y-Tropicales/11.01.09","","https://www.tottus.com.pe/tottus/product/TOTTUS/Tuna-Verde/10162777?navAction=jump&navCount=334","Tuna Verde  
										TOTTUS","700g es aprox. 4un","S/ 5.59","(
      S/ 7.99
    /KG)"
"1572321508-319","https://www.tottus.com.pe/tottus/browse/Frutas-y-Verduras/11","Mundo Chino","https://www.tottus.com.pe/tottus/browse/Mundo-Chino/cat1260024","Verdura China","https://www.tottus.com.pe/tottus/browse/Verdura-China/cat1260025","","https://www.tottus.com.pe/tottus/product/LA-CASTELLANA/Esparrago-Verde/40889198?navAction=jump&navCount=52","Esparrago Verde  
										LA CASTELLANA","Atado x 250g","S/ 5.59",""
"1572321667-362","https://www.tottus.com.pe/tottus/browse/Frutas-y-Verduras/11","Más Verduras","https://www.tottus.com.pe/tottus/browse/M%C3%A1s-Verduras/11.04","Ensaladas y Verduras Empacadas / Picadas","https://www.tottus.com.pe/tottus/browse/Ensaladas-y-Verduras-Empacadas-Picadas/11.02.07","","https://www.tottus.com.pe/tottus/product/TOTTUS/Ensalada-Personal/41304854?navAction=jump&navCount=126","Ensalada Personal  
										TOTTUS","Envase x 140g","S/ 6.69",""
"1572321442-300","https://www.tottus.com.pe/tottus/browse/Frutas-y-Verduras/11","Mundo Chino","https://www.tottus.com.pe/tottus/browse/Mundo-Chino/cat1260024","Ver todas","https://www.tottus.com.pe/tottus/browse/Ver-todas/cat1260029","","https://www.tottus.com.pe/tottus/product/TOTTUS/Nabo/10163993?navAction=jump&navCount=12","Nabo   
										TOTTUS","Unidad","S/ 1.19",""
"1572321991-441","https://www.tottus.com.pe/tottus/browse/Frutas-y-Verduras/11","Frutas","https://www.tottus.com.pe/tottus/browse/Frutas/11.01","Fresas y Berries","https://www.tottus.com.pe/tottus/browse/Fresas-y-Berries/cat1310035","","https://www.tottus.com.pe/tottus/product/TOTTUS/Zarzamora/41305360?navAction=jump&navCount=300","Zarzamora  
										TOTTUS","Envase x 100g","S/ 7.29",""
"1572322049-455","https://www.tottus.com.pe/tottus/browse/Frutas-y-Verduras/11","Frutas","https://www.tottus.com.pe/tottus/browse/Frutas/11.01","Limones, Naranjas y otros Cítricos","https://www.tottus.com.pe/tottus/browse/Limones,-Naranjas-y-otros-C%C3%ADtricos/11.01.02","","https://www.tottus.com.pe/tottus/product/TOTTUS/Naranja-de-Jugo-Extra/10402488?navAction=jump&navCount=322","Naranja de Jugo Extra  
										TOTTUS","1Kg es aprox. 4un","S/ 1.39","(
      S/ 1.39
    /KG)"
"1572321720-376","https://www.tottus.com.pe/tottus/browse/Frutas-y-Verduras/11","Verduras","https://www.tottus.com.pe/tottus/browse/Verduras/11.02","Ver Todas","https://www.tottus.com.pe/tottus/browse/Ver-Todas/11.02.01","","https://www.tottus.com.pe/tottus/product/TOTTUS/Papa-Rosada-Canch%C3%A1n-Procesada/40643618?navAction=jump&navCount=156","Papa Rosada Canchán Procesada  
										TOTTUS","1.5Kg es aprox. 4un","S/ 3.88","(
      S/ 2.59
    /KG)"
"1572321518-322","https://www.tottus.com.pe/tottus/browse/Frutas-y-Verduras/11","Mundo Chino","https://www.tottus.com.pe/tottus/browse/Mundo-Chino/cat1260024","Verdura China","https://www.tottus.com.pe/tottus/browse/Verdura-China/cat1260025","","https://www.tottus.com.pe/tottus/product/TOTTUS/Ajo-Entero-sin-Pelar/10162009?navAction=jump&navCount=52","Ajo Entero sin Pelar  
										TOTTUS","70g es aprox. 2un","S/ 0.91","(
      S/ 12.99
    /KG)"
"1572321444-301","https://www.tottus.com.pe/tottus/browse/Frutas-y-Verduras/11","Mundo Chino","https://www.tottus.com.pe/tottus/browse/Mundo-Chino/cat1260024","Ver todas","https://www.tottus.com.pe/tottus/browse/Ver-todas/cat1260029","","https://www.tottus.com.pe/tottus/product/TOTTUS/Berenjena/10162988?navAction=jump&navCount=12","Berenjena   
										TOTTUS","Unidad","S/ 2.89",""
"1572321829-403","https://www.tottus.com.pe/tottus/browse/Frutas-y-Verduras/11","Verduras","https://www.tottus.com.pe/tottus/browse/Verduras/11.02","Cebollas, Ajos y otros Básicos","https://www.tottus.com.pe/tottus/browse/Cebollas,-Ajos-y-otros-B%C3%A1sicos/11.02.02","","https://www.tottus.com.pe/tottus/product/TOTTUS/Ajo-Entero-sin-Pelar/10162009?navAction=jump&navCount=220","Ajo Entero sin Pelar  
										TOTTUS","70g es aprox. 2un","S/ 0.91","(
      S/ 12.99
    /KG)"
"1572322101-468","https://www.tottus.com.pe/tottus/browse/Frutas-y-Verduras/11","Frutas","https://www.tottus.com.pe/tottus/browse/Frutas/11.01","Papayas, Piñas y Tropicales","https://www.tottus.com.pe/tottus/browse/Papayas,-Pi%C3%B1as-y-Tropicales/11.01.09","","https://www.tottus.com.pe/tottus/product/TOTTUS/Granadilla-Premium/40632060?navAction=jump&navCount=334","Granadilla Premium   
										TOTTUS","Unidad","S/ 0.69",""
"1572321590-342","https://www.tottus.com.pe/tottus/browse/Frutas-y-Verduras/11","Más Verduras","https://www.tottus.com.pe/tottus/browse/M%C3%A1s-Verduras/11.04","Ver Todas","https://www.tottus.com.pe/tottus/browse/Ver-Todas/cat1260023","","https://www.tottus.com.pe/tottus/product/TOTTUS/Perejil/40643100?navAction=jump&navCount=82","Perejil   
										TOTTUS","Unidad","S/ 0.79",""
"1572322006-445","https://www.tottus.com.pe/tottus/browse/Frutas-y-Verduras/11","Frutas","https://www.tottus.com.pe/tottus/browse/Frutas/11.01","Fresas y Berries","https://www.tottus.com.pe/tottus/browse/Fresas-y-Berries/cat1310035","","https://www.tottus.com.pe/tottus/product/TOTTUS/Fresas-Organicas-Empacadas/41314030?navAction=jump&navCount=300","Fresas Organicas Empacadas  
										TOTTUS","Envase x 550g","S/ 13.99",""
"1572321837-405","https://www.tottus.com.pe/tottus/browse/Frutas-y-Verduras/11","Verduras","https://www.tottus.com.pe/tottus/browse/Verduras/11.02","Cebollas, Ajos y otros Básicos","https://www.tottus.com.pe/tottus/browse/Cebollas,-Ajos-y-otros-B%C3%A1sicos/11.02.02","","https://www.tottus.com.pe/tottus/product/TOTTUS/Cebolla-Roja/40643507?navAction=jump&navCount=220","Cebolla Roja  
										TOTTUS","1Kg es aprox. 4un","S/ 1.49","(
      S/ 1.49
    /KG)"
"1572321761-386","https://www.tottus.com.pe/tottus/browse/Frutas-y-Verduras/11","Verduras","https://www.tottus.com.pe/tottus/browse/Verduras/11.02","Setas y Hongos","https://www.tottus.com.pe/tottus/browse/Setas-y-Hongos/cat1260020","","https://www.tottus.com.pe/tottus/product/TOTTUS/Champi%C3%B1on-Entero/41041149?navAction=jump&navCount=188","Champiñon Entero  
										TOTTUS","Envase x 200g","S/ 4.99",""
"1572321902-422","https://www.tottus.com.pe/tottus/browse/Frutas-y-Verduras/11","Verduras","https://www.tottus.com.pe/tottus/browse/Verduras/11.02","Brócoli, Apio y Hortalizas","https://www.tottus.com.pe/tottus/browse/Br%C3%B3coli,-Apio-y-Hortalizas/11.02.09","","https://www.tottus.com.pe/tottus/product/TOTTUS/Alcachofa/10162977?navAction=jump&navCount=242","Alcachofa   
										TOTTUS","Unidad","S/ 3.49",""
"1572322137-478","https://www.tottus.com.pe/tottus/browse/Frutas-y-Verduras/11","Frutas","https://www.tottus.com.pe/tottus/browse/Frutas/11.01","Manzanas, Plátanos y otros Básicos","https://www.tottus.com.pe/tottus/browse/Manzanas,-Pl%C3%A1tanos-y-otros-B%C3%A1sicos/11.01.06","","https://www.tottus.com.pe/tottus/product/TOTTUS/Pl%C3%A1tano-de-Seda-Extra/40177649?navAction=jump&navCount=364","Plátano de Seda Extra   
										TOTTUS","1.2Kg es aprox. 6un","S/ 2.99","(
      S/ 2.49
    /KG)"
"1572321910-424","https://www.tottus.com.pe/tottus/browse/Frutas-y-Verduras/11","Verduras","https://www.tottus.com.pe/tottus/browse/Verduras/11.02","Brócoli, Apio y Hortalizas","https://www.tottus.com.pe/tottus/browse/Br%C3%B3coli,-Apio-y-Hortalizas/11.02.09","","https://www.tottus.com.pe/tottus/product/TOTTUS/Col-China-Mitad/10164957?navAction=jump&navCount=242","Col China Mitad   
										TOTTUS","Unidad","S/ 5.49",""
"1572321776-389","https://www.tottus.com.pe/tottus/browse/Frutas-y-Verduras/11","Verduras","https://www.tottus.com.pe/tottus/browse/Verduras/11.02","Papas, Camotes y otros Tubérculos","https://www.tottus.com.pe/tottus/browse/Papas,-Camotes-y-otros-Tub%C3%A9rculos/cat1260016","","https://www.tottus.com.pe/tottus/product/TOTTUS/Papa-Negra-Andina-Procesada/10496769?navAction=jump&navCount=198","Papa Negra Andina Procesada   
										TOTTUS","1Kg es aprox. 4un","S/ 3.99","(
      S/ 3.99
    /KG)"
"1572322115-471","https://www.tottus.com.pe/tottus/browse/Frutas-y-Verduras/11","Frutas","https://www.tottus.com.pe/tottus/browse/Frutas/11.01","Manzanas, Plátanos y otros Básicos","https://www.tottus.com.pe/tottus/browse/Manzanas,-Pl%C3%A1tanos-y-otros-B%C3%A1sicos/11.01.06","","https://www.tottus.com.pe/tottus/product/TOTTUS/Manzana-Nacional/10161800?navAction=jump&navCount=364","Manzana Nacional   
										TOTTUS","440g es aprox. 6un","S/ 2.02","(
      S/ 4.59
    /KG)"
"1572321977-438","https://www.tottus.com.pe/tottus/browse/Frutas-y-Verduras/11","Frutas","https://www.tottus.com.pe/tottus/browse/Frutas/11.01","Uvas","https://www.tottus.com.pe/tottus/browse/Uvas/cat1420018","","https://www.tottus.com.pe/tottus/product/TOTTUS/Uva-Thompson-Seedless-Importada/10162933?navAction=jump&navCount=298","Uva Thompson Seedless Importada   
										TOTTUS","Granel","S/ 2.50","(
      S/ 9.99
    /KG)"
"1572321874-414","https://www.tottus.com.pe/tottus/browse/Frutas-y-Verduras/11","Verduras","https://www.tottus.com.pe/tottus/browse/Verduras/11.02","Brócoli, Apio y Hortalizas","https://www.tottus.com.pe/tottus/browse/Br%C3%B3coli,-Apio-y-Hortalizas/11.02.09","","https://www.tottus.com.pe/tottus/product/TOTTUS/Poro/10162047?navAction=jump&navCount=242","Poro   
										TOTTUS","Unidad","S/ 1.59",""
"1572322156-484","https://www.tottus.com.pe/tottus/browse/Frutas-y-Verduras/11","Frutas","https://www.tottus.com.pe/tottus/browse/Frutas/11.01","Manzanas, Plátanos y otros Básicos","https://www.tottus.com.pe/tottus/browse/Manzanas,-Pl%C3%A1tanos-y-otros-B%C3%A1sicos/11.01.06","","https://www.tottus.com.pe/tottus/product/TOTTUS/Durazno-Huayco-Extra-Empacado/20034016?navAction=jump&navCount=364","Durazno Huayco Extra Empacado   
										TOTTUS","Envase es aprox. 900g","S/ 13.49","(
      S/ 14.99
    /KG)"
"1572321728-378","https://www.tottus.com.pe/tottus/browse/Frutas-y-Verduras/11","Verduras","https://www.tottus.com.pe/tottus/browse/Verduras/11.02","Ver Todas","https://www.tottus.com.pe/tottus/browse/Ver-Todas/11.02.01","","https://www.tottus.com.pe/tottus/product/TOTTUS/Aji-Mirasol/10164435?navAction=jump&navCount=156","Aji Mirasol   
										TOTTUS","50g es aprox. 5un","S/ 1.09","(
      S/ 21.79
    /KG)"
"1572322159-485","https://www.tottus.com.pe/tottus/browse/Frutas-y-Verduras/11","Frutas","https://www.tottus.com.pe/tottus/browse/Frutas/11.01","Manzanas, Plátanos y otros Básicos","https://www.tottus.com.pe/tottus/browse/Manzanas,-Pl%C3%A1tanos-y-otros-B%C3%A1sicos/11.01.06","","https://www.tottus.com.pe/tottus/product/TOTTUS/Durazno-Huayco-para-Dulce-Empacado/10182903?navAction=jump&navCount=364","Durazno Huayco para Dulce Empacado  
										TOTTUS","Envase es aprox. 800g","S/ 6.39","(
      S/ 7.99
    /KG)"
"1572321526-325","https://www.tottus.com.pe/tottus/browse/Frutas-y-Verduras/11","Mundo Chino","https://www.tottus.com.pe/tottus/browse/Mundo-Chino/cat1260024","Verdura China","https://www.tottus.com.pe/tottus/browse/Verdura-China/cat1260025","","https://www.tottus.com.pe/tottus/product/TOTTUS/Cebollita-China/10164221?navAction=jump&navCount=52","Cebollita China   
										TOTTUS","Unidad","S/ 1.99",""
"1572321607-346","https://www.tottus.com.pe/tottus/browse/Frutas-y-Verduras/11","Más Verduras","https://www.tottus.com.pe/tottus/browse/M%C3%A1s-Verduras/11.04","Hierbas Aromáticas / Infusiones","https://www.tottus.com.pe/tottus/browse/Hierbas-Arom%C3%A1ticas-Infusiones/cat1260022","","https://www.tottus.com.pe/tottus/product/TOTTUS/Albahaca/40354149?navAction=jump&navCount=112","Albahaca   
										TOTTUS","Bolsa x 100g","S/ 4.39",""
"1572321454-304","https://www.tottus.com.pe/tottus/browse/Frutas-y-Verduras/11","Mundo Chino","https://www.tottus.com.pe/tottus/browse/Mundo-Chino/cat1260024","Ver todas","https://www.tottus.com.pe/tottus/browse/Ver-todas/cat1260029","","https://www.tottus.com.pe/tottus/product/TOTTUS/Champi%C3%B1on-Entero/41041149?navAction=jump&navCount=12","Champiñon Entero  
										TOTTUS","Envase x 200g","S/ 4.99",""
"1572321514-321","https://www.tottus.com.pe/tottus/browse/Frutas-y-Verduras/11","Mundo Chino","https://www.tottus.com.pe/tottus/browse/Mundo-Chino/cat1260024","Verdura China","https://www.tottus.com.pe/tottus/browse/Verdura-China/cat1260025","","https://www.tottus.com.pe/tottus/product/TOTTUS/Berenjena/10162988?navAction=jump&navCount=52","Berenjena   
										TOTTUS","Unidad","S/ 2.89",""
"1572321984-439","https://www.tottus.com.pe/tottus/browse/Frutas-y-Verduras/11","Frutas","https://www.tottus.com.pe/tottus/browse/Frutas/11.01","Fresas y Berries","https://www.tottus.com.pe/tottus/browse/Fresas-y-Berries/cat1310035","","https://www.tottus.com.pe/tottus/product/TOTTUS/Aguaymanto/10162564?navAction=jump&navCount=300","Aguaymanto   
										TOTTUS","330g aprox. Envase","S/ 3.96","(
      S/ 11.99
    /KG)"
"1572322079-462","https://www.tottus.com.pe/tottus/browse/Frutas-y-Verduras/11","Frutas","https://www.tottus.com.pe/tottus/browse/Frutas/11.01","Papayas, Piñas y Tropicales","https://www.tottus.com.pe/tottus/browse/Papayas,-Pi%C3%B1as-y-Tropicales/11.01.09","","https://www.tottus.com.pe/tottus/product/TOTTUS/Pl%C3%A1tano-Biscocho/10162544?navAction=jump&navCount=334","Plátano Biscocho  
										TOTTUS","1Kg es aprox. 10un","S/ 5.59","(
      S/ 5.59
    /KG)"
"1572321639-354","https://www.tottus.com.pe/tottus/browse/Frutas-y-Verduras/11","Más Verduras","https://www.tottus.com.pe/tottus/browse/M%C3%A1s-Verduras/11.04","Ensaladas y Verduras Empacadas / Picadas","https://www.tottus.com.pe/tottus/browse/Ensaladas-y-Verduras-Empacadas-Picadas/11.02.07","","https://www.tottus.com.pe/tottus/product/TOTTUS/Verduras-para-Estofado-de-Carne/41076343?navAction=jump&navCount=126","Verduras para Estofado de Carne   
										TOTTUS","Envase x 200g","S/ 6.99",""
"1572321966-437","https://www.tottus.com.pe/tottus/browse/Frutas-y-Verduras/11","Más Frutas","https://www.tottus.com.pe/tottus/browse/M%C3%A1s-Frutas/cat1310036","Frutas importadas","https://www.tottus.com.pe/tottus/browse/Frutas-importadas/11.01.03","","https://www.tottus.com.pe/tottus/product/TOTTUS/Pera-Packhams/10161865?navAction=jump&navCount=290","Pera Packhams   
										TOTTUS","600g es aprox. 4un","S/ 3.89","(
      S/ 6.49
    /KG)"
"1572321497-316","https://www.tottus.com.pe/tottus/browse/Frutas-y-Verduras/11","Mundo Chino","https://www.tottus.com.pe/tottus/browse/Mundo-Chino/cat1260024","Verdura China","https://www.tottus.com.pe/tottus/browse/Verdura-China/cat1260025","","https://www.tottus.com.pe/tottus/product/TOTTUS/Frijol-Chino/10164962?navAction=jump&navCount=52","Frijol Chino   
										TOTTUS","200g es aprox. 1 puñado","S/ 1.20","(
      S/ 5.99
    /KG)"
"1572321906-423","https://www.tottus.com.pe/tottus/browse/Frutas-y-Verduras/11","Verduras","https://www.tottus.com.pe/tottus/browse/Verduras/11.02","Brócoli, Apio y Hortalizas","https://www.tottus.com.pe/tottus/browse/Br%C3%B3coli,-Apio-y-Hortalizas/11.02.09","","https://www.tottus.com.pe/tottus/product/TOTTUS/Col-Corazon-Mitad/10164958?navAction=jump&navCount=242","Col Corazon Mitad   
										TOTTUS","Unidad","S/ 2.59",""
"1572321433-297","https://www.tottus.com.pe/tottus/browse/Frutas-y-Verduras/11","Mundo Chino","https://www.tottus.com.pe/tottus/browse/Mundo-Chino/cat1260024","Ver todas","https://www.tottus.com.pe/tottus/browse/Ver-todas/cat1260029","","https://www.tottus.com.pe/tottus/product/SAN-SEN/Pasta-Wantan/10308499?navAction=jump&navCount=12","Pasta Wantan   
										SAN SEN","Bolsa x 500g","S/ 2.99",""
"1572321724-377","https://www.tottus.com.pe/tottus/browse/Frutas-y-Verduras/11","Verduras","https://www.tottus.com.pe/tottus/browse/Verduras/11.02","Ver Todas","https://www.tottus.com.pe/tottus/browse/Ver-Todas/11.02.01","","https://www.tottus.com.pe/tottus/product/TOTTUS/Papa-Amarilla-Procesada/40643614?navAction=jump&navCount=156","Papa Amarilla Procesada   
										TOTTUS","1Kg es aprox. 4un","S/ 4.99","(
      S/ 4.99
    /KG)"
"1572321583-340","https://www.tottus.com.pe/tottus/browse/Frutas-y-Verduras/11","Más Verduras","https://www.tottus.com.pe/tottus/browse/M%C3%A1s-Verduras/11.04","Ver Todas","https://www.tottus.com.pe/tottus/browse/Ver-Todas/cat1260023","","https://www.tottus.com.pe/tottus/product/TOTTUS/Rabanito/10164015?navAction=jump&navCount=82","Rabanito   
										TOTTUS","600g es aprox. 10un","S/ 2.99","(
      S/ 4.99
    /KG)"
"1572321533-327","https://www.tottus.com.pe/tottus/browse/Frutas-y-Verduras/11","Mundo Chino","https://www.tottus.com.pe/tottus/browse/Mundo-Chino/cat1260024","Verdura China","https://www.tottus.com.pe/tottus/browse/Verdura-China/cat1260025","","https://www.tottus.com.pe/tottus/product/TOTTUS/Apio/10162986?navAction=jump&navCount=52","Apio   
										TOTTUS","Unidad","S/ 2.29",""
"1572322060-457","https://www.tottus.com.pe/tottus/browse/Frutas-y-Verduras/11","Frutas","https://www.tottus.com.pe/tottus/browse/Frutas/11.01","Papayas, Piñas y Tropicales","https://www.tottus.com.pe/tottus/browse/Papayas,-Pi%C3%B1as-y-Tropicales/11.01.09","","https://www.tottus.com.pe/tottus/product/TOTTUS/L%C3%BAcuma-Madura/10162601?navAction=jump&navCount=334","Lúcuma Madura  
										TOTTUS","500g es aprox. 3un","S/ 7.74","(
      S/ 15.49
    /KG)"
"1572321484-313","https://www.tottus.com.pe/tottus/browse/Frutas-y-Verduras/11","Mundo Chino","https://www.tottus.com.pe/tottus/browse/Mundo-Chino/cat1260024","Masa Wantan y Otros","https://www.tottus.com.pe/tottus/browse/Masa-Wantan-y-Otros/cat1260026","","https://www.tottus.com.pe/tottus/product/LA-PASTA/Pasta-Wantan/10165914?navAction=jump&navCount=42","Pasta Wantan   
										LA PASTA","Bolsa x 500g","S/ 2.99",""
"1572322068-459","https://www.tottus.com.pe/tottus/browse/Frutas-y-Verduras/11","Frutas","https://www.tottus.com.pe/tottus/browse/Frutas/11.01","Papayas, Piñas y Tropicales","https://www.tottus.com.pe/tottus/browse/Papayas,-Pi%C3%B1as-y-Tropicales/11.01.09","","https://www.tottus.com.pe/tottus/product/TOTTUS/Chirimoya-Cumbe/10162580?navAction=jump&navCount=334","Chirimoya Cumbe   
										TOTTUS","800g es aprox. 1un","S/ 7.99","(
      S/ 9.99
    /KG)"
"1572321794-394","https://www.tottus.com.pe/tottus/browse/Frutas-y-Verduras/11","Verduras","https://www.tottus.com.pe/tottus/browse/Verduras/11.02","Papas, Camotes y otros Tubérculos","https://www.tottus.com.pe/tottus/browse/Papas,-Camotes-y-otros-Tub%C3%A9rculos/cat1260016","","https://www.tottus.com.pe/tottus/product/TOTTUS/Olluco/40749963?navAction=jump&navCount=198","Olluco  
										TOTTUS","Granel","S/ 7.11","(
      S/ 8.89
    /KG)"
"1572321562-334","https://www.tottus.com.pe/tottus/browse/Frutas-y-Verduras/11","Más Verduras","https://www.tottus.com.pe/tottus/browse/M%C3%A1s-Verduras/11.04","Ver Todas","https://www.tottus.com.pe/tottus/browse/Ver-Todas/cat1260023","","https://www.tottus.com.pe/tottus/product/TOTTUS/Huacatay/40643097?navAction=jump&navCount=82","Huacatay   
										TOTTUS","Unidad","S/ 1.59",""
"1572321751-383","https://www.tottus.com.pe/tottus/browse/Frutas-y-Verduras/11","Verduras","https://www.tottus.com.pe/tottus/browse/Verduras/11.02","Setas y Hongos","https://www.tottus.com.pe/tottus/browse/Setas-y-Hongos/cat1260020","","https://www.tottus.com.pe/tottus/product/PACCU/Champi%C3%B1on-Crimini-Picado/41759097?navAction=jump&navCount=188","Champiñon Crimini Picado  
										PACCU","Envase x 200g","S/ 7.79",""
"1572321779-390","https://www.tottus.com.pe/tottus/browse/Frutas-y-Verduras/11","Verduras","https://www.tottus.com.pe/tottus/browse/Verduras/11.02","Papas, Camotes y otros Tubérculos","https://www.tottus.com.pe/tottus/browse/Papas,-Camotes-y-otros-Tub%C3%A9rculos/cat1260016","","https://www.tottus.com.pe/tottus/product/TOTTUS/Papa-Huayro-Procesada/20009061?navAction=jump&navCount=198","Papa Huayro Procesada   
										TOTTUS","1.5Kg es aprox. 4un","S/ 6.44","(
      S/ 4.29
    /KG)"
"1572321959-435","https://www.tottus.com.pe/tottus/browse/Frutas-y-Verduras/11","Más Frutas","https://www.tottus.com.pe/tottus/browse/M%C3%A1s-Frutas/cat1310036","Frutas importadas","https://www.tottus.com.pe/tottus/browse/Frutas-importadas/11.01.03","","https://www.tottus.com.pe/tottus/product/TOTTUS/Manzana-Roja-Importada-Premium/40632061?navAction=jump&navCount=290","Manzana Roja Importada Premium   
										TOTTUS","1Kg es aprox. 5un","S/ 6.99","(
      S/ 6.99
    /KG)"
"1572322118-472","https://www.tottus.com.pe/tottus/browse/Frutas-y-Verduras/11","Frutas","https://www.tottus.com.pe/tottus/browse/Frutas/11.01","Manzanas, Plátanos y otros Básicos","https://www.tottus.com.pe/tottus/browse/Manzanas,-Pl%C3%A1tanos-y-otros-B%C3%A1sicos/11.01.06","","https://www.tottus.com.pe/tottus/product/TOTTUS/Pl%C3%A1tano-de-Seda-Org%C3%A1nico/40367048?navAction=jump&navCount=364","Plátano de Seda Orgánico   
										TOTTUS","1Kg es aprox. 6un","S/ 4.49","(
      S/ 4.49
    /KG)"
"1572321924-427","https://www.tottus.com.pe/tottus/browse/Frutas-y-Verduras/11","Verduras","https://www.tottus.com.pe/tottus/browse/Verduras/11.02","Choclos, Tomates y Lechugas","https://www.tottus.com.pe/tottus/browse/Choclos,-Tomates-y-Lechugas/11.02.04","","https://www.tottus.com.pe/tottus/product/TOTTUS/Lechuga-Seda-Hidrop%C3%B3nica/41139592?navAction=jump&navCount=272","Lechuga Seda Hidropónica  
										TOTTUS","Bolsa x 150g","S/ 3.39",""
"1572321659-360","https://www.tottus.com.pe/tottus/browse/Frutas-y-Verduras/11","Más Verduras","https://www.tottus.com.pe/tottus/browse/M%C3%A1s-Verduras/11.04","Ensaladas y Verduras Empacadas / Picadas","https://www.tottus.com.pe/tottus/browse/Ensaladas-y-Verduras-Empacadas-Picadas/11.02.07","","https://www.tottus.com.pe/tottus/product/TOTTUS/Habas/41076344?navAction=jump&navCount=126","Habas   
										TOTTUS","Envase 200 Gr","S/ 7.59",""
"1572322072-460","https://www.tottus.com.pe/tottus/browse/Frutas-y-Verduras/11","Frutas","https://www.tottus.com.pe/tottus/browse/Frutas/11.01","Papayas, Piñas y Tropicales","https://www.tottus.com.pe/tottus/browse/Papayas,-Pi%C3%B1as-y-Tropicales/11.01.09","","https://www.tottus.com.pe/tottus/product/TOTTUS/Granadilla-Golden-Premium/40617103?navAction=jump&navCount=334","Granadilla Golden Premium  
										TOTTUS","Envase 6 Un","S/ 7.69",""
"1572321933-430","https://www.tottus.com.pe/tottus/browse/Frutas-y-Verduras/11","Verduras","https://www.tottus.com.pe/tottus/browse/Verduras/11.02","Choclos, Tomates y Lechugas","https://www.tottus.com.pe/tottus/browse/Choclos,-Tomates-y-Lechugas/11.02.04","","https://www.tottus.com.pe/tottus/product/TOTTUS/Lechuga-Americana/10163014?navAction=jump&navCount=272","Lechuga Americana   
										TOTTUS","Unidad","S/ 1.99",""
"1572322107-470","https://www.tottus.com.pe/tottus/browse/Frutas-y-Verduras/11","Frutas","https://www.tottus.com.pe/tottus/browse/Frutas/11.01","Papayas, Piñas y Tropicales","https://www.tottus.com.pe/tottus/browse/Papayas,-Pi%C3%B1as-y-Tropicales/11.01.09","","https://www.tottus.com.pe/tottus/product/TOTTUS/Papaya-Premium/40617105?navAction=jump&navCount=334","Papaya Premium   
										TOTTUS","2.2Kg es aprox. 1un","S/ 8.78","(
      S/ 3.99
    /KG)"
"1572322044-454","https://www.tottus.com.pe/tottus/browse/Frutas-y-Verduras/11","Frutas","https://www.tottus.com.pe/tottus/browse/Frutas/11.01","Limones, Naranjas y otros Cítricos","https://www.tottus.com.pe/tottus/browse/Limones,-Naranjas-y-otros-C%C3%ADtricos/11.01.02","","https://www.tottus.com.pe/tottus/product/TOTTUS/Maracuy%C3%A1/10162612?navAction=jump&navCount=322","Maracuyá  
										TOTTUS","1Kg es aprox. 5un","S/ 2.99","(
      S/ 2.99
    /KG)"
"1572321823-401","https://www.tottus.com.pe/tottus/browse/Frutas-y-Verduras/11","Verduras","https://www.tottus.com.pe/tottus/browse/Verduras/11.02","Cebollas, Ajos y otros Básicos","https://www.tottus.com.pe/tottus/browse/Cebollas,-Ajos-y-otros-B%C3%A1sicos/11.02.02","","https://www.tottus.com.pe/tottus/product/TOTTUS/Ki%C3%B3n/10162911?navAction=jump&navCount=220","Kión   
										TOTTUS","Granel","S/ 1.60","(
      S/ 7.99
    /KG)"
"1572322121-473","https://www.tottus.com.pe/tottus/browse/Frutas-y-Verduras/11","Frutas","https://www.tottus.com.pe/tottus/browse/Frutas/11.01","Manzanas, Plátanos y otros Básicos","https://www.tottus.com.pe/tottus/browse/Manzanas,-Pl%C3%A1tanos-y-otros-B%C3%A1sicos/11.01.06","","https://www.tottus.com.pe/tottus/product/TOTTUS/Pl%C3%A1tano-Bellaco/10162538?navAction=jump&navCount=364","Plátano Bellaco   
										TOTTUS","Unidad","S/ 1.19",""
"1572322035-451","https://www.tottus.com.pe/tottus/browse/Frutas-y-Verduras/11","Frutas","https://www.tottus.com.pe/tottus/browse/Frutas/11.01","Limones, Naranjas y otros Cítricos","https://www.tottus.com.pe/tottus/browse/Limones,-Naranjas-y-otros-C%C3%ADtricos/11.01.02","","https://www.tottus.com.pe/tottus/product/TOTTUS/Mandarina-con-Pepa/10162617?navAction=jump&navCount=322","Mandarina con Pepa  
										TOTTUS","1Kg es aprox. 5un","S/ 2.99","(
      S/ 2.99
    /KG)"
"1572321754-384","https://www.tottus.com.pe/tottus/browse/Frutas-y-Verduras/11","Verduras","https://www.tottus.com.pe/tottus/browse/Verduras/11.02","Setas y Hongos","https://www.tottus.com.pe/tottus/browse/Setas-y-Hongos/cat1260020","","https://www.tottus.com.pe/tottus/product/TOTTUS/Champi%C3%B1on-Picado/41041148?navAction=jump&navCount=188","Champiñon Picado  
										TOTTUS","Envase x 200g","S/ 5.69",""
"1572321521-323","https://www.tottus.com.pe/tottus/browse/Frutas-y-Verduras/11","Mundo Chino","https://www.tottus.com.pe/tottus/browse/Mundo-Chino/cat1260024","Verdura China","https://www.tottus.com.pe/tottus/browse/Verdura-China/cat1260025","","https://www.tottus.com.pe/tottus/product/TOTTUS/Pimiento-Morron/10163556?navAction=jump&navCount=52","Pimiento Morron   
										TOTTUS","300g es aprox. 2un","S/ 1.80","(
      S/ 5.99
    /KG)"
